zona-empresa,Rubro,subrubro,item,subitem,Rubro NOMBRE,subrubro NOMBRE,Descripción,U.M.,Cantidad,Unitario,Prespuesto,P,,Area,SubArea,m2,controlador,count it,controlador + count it,m2,controlador,count it,controlador + count it
1-SWARCO,1,1,1,,RUBRO A,MANTENIMIENTO PREVENTIVO Y CORRECTIVO MENSUAL DE INSTALACIONES,Instalación Tipo 1,[un],11482, $  369.05 ," $  4,237,432.10 ",,,5,a,22213,102,22,124,0.21,0.17,0.59,0.19
1-SWARCO,1,1,2,,RUBRO A,MANTENIMIENTO PREVENTIVO Y CORRECTIVO MENSUAL DE INSTALACIONES,Instalación Tipo 2,[un],7726, $  525.03 ," $  4,056,381.78 ",,,5,b,82509,507,15,522,0.79,0.83,0.41,0.81
1-SWARCO,1,1,3,,RUBRO A,MANTENIMIENTO PREVENTIVO Y CORRECTIVO MENSUAL DE INSTALACIONES,Instalación Tipo 3,[un],578, $  765.27 ," $  442,326.06 ",,,5,total,104722,609,37,646,1.00,1.00,1.00,1.00
1-SWARCO,1,1,4,,RUBRO A,MANTENIMIENTO PREVENTIVO Y CORRECTIVO MENSUAL DE INSTALACIONES,Instalación Tipo 4,[un],324, $  884.07 ," $  286,438.68 ",,,,,,,,,,,,
1-SWARCO,1,1,5,,RUBRO A,MANTENIMIENTO PREVENTIVO Y CORRECTIVO MENSUAL DE INSTALACIONES,Instalación Cartel Escolar Inteligente,[un],320, $  183.92 ," $  58,854.40 ",,,,,,,,,,,,
1-SWARCO,1,2,1,,RUBRO A,MANTENIMIENTO PREVENTIVO Y CORRECTIVO MENSUAL DE EQUIPAMIENTO,Equipo Controlador de Cualquier Tipo,[un],19726, $  349.25 ," $  6,889,305.50 ",,,,zona-empresa,,,,,,,,
1-SWARCO,1,2,2,,RUBRO A,MANTENIMIENTO PREVENTIVO Y CORRECTIVO MENSUAL DE EQUIPAMIENTO,Puesto de Medición de Hasta 4 Detectores Vehiculares,[un],919, $  400.40 ," $  367,967.60 ",,,,1-SWARCO,,,,,,,,
1-SWARCO,1,2,3,,RUBRO A,MANTENIMIENTO PREVENTIVO Y CORRECTIVO MENSUAL DE EQUIPAMIENTO,Puesto de Medición de mas 4 Detectores Vehiculares,[un],0, $  495.02 , $  -   ,,,,2-TELVENT,,,,,,,,
1-SWARCO,1,2,4,,RUBRO A,MANTENIMIENTO PREVENTIVO Y CORRECTIVO MENSUAL DE EQUIPAMIENTO,Unidad Auxiliar de Provisión de Energía Eléctrica UPS,[un],108, $  615.89 ," $  66,516.12 ",,,,3-MANTELECTRIC,,,,,,,,
1-SWARCO,1,2,5,,RUBRO A,MANTENIMIENTO PREVENTIVO Y CORRECTIVO MENSUAL DE EQUIPAMIENTO,Cartel Escolar Inteligente,[un],270, $  174.57 ," $  47,133.90 ",,,,4-AUTOTROL,,,,,,,,
1-SWARCO,1,2,6,,RUBRO A,MANTENIMIENTO PREVENTIVO Y CORRECTIVO MENSUAL DE EQUIPAMIENTO,Semáforo Peatonal con Cuenta Regresiva,[un],5680, $  137.28 ," $  779,750.40 ",,,,5A-AUTOTROL,,,,,,,,
1-SWARCO,1,2,7,,RUBRO A,MANTENIMIENTO PREVENTIVO Y CORRECTIVO MENSUAL DE EQUIPAMIENTO,Cartel Mensaje Variable (Incluye Instalación y Equipo),[un],162, $  354.20 ," $  57,380.40 ",,,,5B-AUTOTROL,,,,,,,,
1-SWARCO,1,2,8,,RUBRO A,MANTENIMIENTO PREVENTIVO Y CORRECTIVO MENSUAL DE EQUIPAMIENTO,Dador de Velocidad (Incluye Instalación y Equipo),[un],0, $  174.57 , $  -   ,,,,6-AUTOTROL,,,,,,,,
1-SWARCO,1,2,9,,RUBRO A,MANTENIMIENTO PREVENTIVO Y CORRECTIVO MENSUAL DE EQUIPAMIENTO,Equipo Avisador Sonoro Para no Videntes (Incluye Instalación y Equipo),[un],654, $  322.52 ," $  210,928.08 ",,,,7-MANTELECTRIC,,,,,,,,
1-SWARCO,1,2,10,,RUBRO A,MANTENIMIENTO PREVENTIVO Y CORRECTIVO MENSUAL DE EQUIPAMIENTO,Equipo Controlador de Giro Preferencial Para Transporte Público. (Incluye Instalación y Equipo),[un],55, $  316.25 ," $  17,393.75 ",,,,8-LESKO,,,,,,,,
1-SWARCO,2,1,1,,RUBRO B,MANTENIMIENTO PREVENTIVO Y CORRECTIVO MENSUAL DE COMANDOS DE ÁREA Y SISTEMAS,Comando de Control de Área C.C.A.I,[un],54," $  26,720.10 "," $  1,442,885.40 ",,,,9-SUTEC,,,,,,,,
1-SWARCO,2,1,2,,RUBRO B,MANTENIMIENTO PREVENTIVO Y CORRECTIVO MENSUAL DE COMANDOS DE ÁREA Y SISTEMAS,Coordinador de Subárea,[un],0," $  5,197.50 ", $  -   ,,,,,,,,,,,,
1-SWARCO,2,1,3,,RUBRO B,MANTENIMIENTO PREVENTIVO Y CORRECTIVO MENSUAL DE COMANDOS DE ÁREA Y SISTEMAS,Comando Centralizado,[un],54," $  8,924.30 "," $  481,912.20 ",,,,,,,,,,,,
1-SWARCO,2,1,4,,RUBRO B,MANTENIMIENTO PREVENTIVO Y CORRECTIVO MENSUAL DE COMANDOS DE ÁREA Y SISTEMAS,Puestos de Control de Acceso al Área Microcentro,[un],0," $  2,369.40 ", $  -   ,,,,,,,,,,,,
1-SWARCO,2,1,5,,RUBRO B,MANTENIMIENTO PREVENTIVO Y CORRECTIVO MENSUAL DE COMANDOS DE ÁREA Y SISTEMAS,Sistema de Control de Acceso al Área Microcentro,[un],0," $  7,796.25 ", $  -   ,,,,,,,,,,,,
1-SWARCO,2,1,6,1,RUBRO B,MANTENIMIENTO PREVENTIVO Y CORRECTIVO MENSUAL DE COMANDOS DE ÁREA Y SISTEMAS,Cámaras de supervisión,[un],429, $  818.07 ," $  350,952.03 ",,,,,,,,,,,,
1-SWARCO,2,1,6,2,RUBRO B,MANTENIMIENTO PREVENTIVO Y CORRECTIVO MENSUAL DE COMANDOS DE ÁREA Y SISTEMAS,Señales de cámaras externas,[un],108, $  334.51 ," $  36,127.08 ",,,,,,,,,,,,
1-SWARCO,2,1,6,3,RUBRO B,MANTENIMIENTO PREVENTIVO Y CORRECTIVO MENSUAL DE COMANDOS DE ÁREA Y SISTEMAS,Sistema de video-matriz y monitores,[gl],54," $  16,830.00 "," $  908,820.00 ",,,,,,,,,,,,
1-SWARCO,2,1,6,4,RUBRO B,MANTENIMIENTO PREVENTIVO Y CORRECTIVO MENSUAL DE COMANDOS DE ÁREA Y SISTEMAS,Tramo de 100m de red de comunicaciones de fibra óptica,[un],3564, $  179.30 ," $  639,025.20 ",,,,,,,,,,,,
1-SWARCO,2,1,6,5,RUBRO B,MANTENIMIENTO PREVENTIVO Y CORRECTIVO MENSUAL DE COMANDOS DE ÁREA Y SISTEMAS,Sistema de digitalización de imágenes,[gl],54," $  15,250.40 "," $  823,521.60 ",,,,,,,,,,,,
1-SWARCO,2,1,7,,RUBRO B,MANTENIMIENTO PREVENTIVO Y CORRECTIVO MENSUAL DE COMANDOS DE ÁREA Y SISTEMAS,Mantenimiento del Edificio de Comando,[m2],3403, $  132.00 ," $  449,196.00 ",,,,,,,,,,,,
1-SWARCO,2,1,8,,RUBRO B,MANTENIMIENTO PREVENTIVO Y CORRECTIVO MENSUAL DE COMANDOS DE ÁREA Y SISTEMAS,Mantenimiento del Edificio de Comando Centralizado,[m2],3403, $  132.00 ," $  449,196.00 ",,,,,,,,,,,,
1-SWARCO,2,1,9,,RUBRO B,MANTENIMIENTO PREVENTIVO Y CORRECTIVO MENSUAL DE COMANDOS DE ÁREA Y SISTEMAS,Mantenimiento y Operación de Sistema de Retroproyección,[un],0," $  16,445.28 ", $  -   ,,,,,,,,,,,,
1-SWARCO,2,2,,,RUBRO B,MODERNIZACIÓN DE LOS SISTEMAS DE TRÁNSITO,MODERNIZACIÓN DE LOS SISTEMAS DE TRÁNSITO,[gl],2," $  3,528,228.00 "," $  7,056,456.00 ",,,,,,,,,,,,
1-SWARCO,2,3,,,RUBRO B,IMPLANTACIÓN DE NUEVO SISTEMA DE TRÁNSITO,IMPLANTACIÓN DE NUEVO SISTEMA DE TRÁNSITO,[gl],1.324," $  6,867,394.60 "," $  9,092,430.45 ",,,,,,,,,,,,
1-SWARCO,3,1,,,RUBRO C,CONSTRUCCIÓN DE NUEVOS CRUCES SEMAFORIZADOS,CONSTRUCCIÓN DE NUEVOS CRUCES SEMAFORIZADOS,[gl],1.73," $  2,597,354.21 "," $  4,493,422.78 ",,,,,,,,,,,,
1-SWARCO,3,2,,,RUBRO C,"DAÑOS, TRASLADOS Y REMODELACIONES","DAÑOS, TRASLADOS Y REMODELACIONES",[gl],2.045," $  1,034,255.42 "," $  2,115,052.33 ",,,,,,,,,,,,
1-SWARCO,3,3,,,RUBRO C,REPARACIÓN DE EQUIPOS CONTROLADORES,REPARACIÓN DE EQUIPOS CONTROLADORES,[gl],1," $  206,666.46 "," $  206,666.46 ",,,,,,,,,,,,
1-SWARCO,3,4,,,RUBRO C,OBRAS VARIAS Y ACTIVIDADES RESTANTES,OBRAS VARIAS Y ACTIVIDADES RESTANTES,[gl],1.681," $  7,182,395.43 "," $  12,073,606.72 ",,,,,,,,,,,,
2-TELVENT,1,1,1,,RUBRO A,MANTENIMIENTO PREVENTIVO Y CORRECTIVO MENSUAL DE INSTALACIONES,Instalación Tipo 1,[un],17880, $  333.83 ," $  5,968,880.40 ",,,,,,,,,,,,
2-TELVENT,1,1,2,,RUBRO A,MANTENIMIENTO PREVENTIVO Y CORRECTIVO MENSUAL DE INSTALACIONES,Instalación Tipo 2,[un],17220, $  474.91 ," $  8,177,950.20 ",,,,,,,,,,,,
2-TELVENT,1,1,3,,RUBRO A,MANTENIMIENTO PREVENTIVO Y CORRECTIVO MENSUAL DE INSTALACIONES,Instalación Tipo 3,[un],2340, $  692.22 ," $  1,619,794.80 ",,,,,,,,,,,,
2-TELVENT,1,1,4,,RUBRO A,MANTENIMIENTO PREVENTIVO Y CORRECTIVO MENSUAL DE INSTALACIONES,Instalación Tipo 4,[un],780, $  799.68 ," $  623,750.40 ",,,,,,,,,,,,
2-TELVENT,1,1,5,,RUBRO A,MANTENIMIENTO PREVENTIVO Y CORRECTIVO MENSUAL DE INSTALACIONES,Instalación Cartel Escolar Inteligente,[un],60, $  166.36 ," $  9,981.60 ",,,,,,,,,,,,
2-TELVENT,1,2,1,,RUBRO A,MANTENIMIENTO PREVENTIVO Y CORRECTIVO MENSUAL DE EQUIPAMIENTO,Equipo Controlador de Cualquier Tipo,[un],36600, $  315.91 ," $  11,562,306.00 ",,,,,,,,,,,,
2-TELVENT,1,2,2,,RUBRO A,MANTENIMIENTO PREVENTIVO Y CORRECTIVO MENSUAL DE EQUIPAMIENTO,Puesto de Medición de Hasta 4 Detectores Vehiculares,[un],600, $  362.17 ," $  217,302.00 ",,,,,,,,,,,,
2-TELVENT,1,2,3,,RUBRO A,MANTENIMIENTO PREVENTIVO Y CORRECTIVO MENSUAL DE EQUIPAMIENTO,Puesto de Medición de mas 4 Detectores Vehiculares,[un],0, $  447.77 , $  -   ,,,,,,,,,,,,
2-TELVENT,1,2,4,,RUBRO A,MANTENIMIENTO PREVENTIVO Y CORRECTIVO MENSUAL DE EQUIPAMIENTO,Unidad Auxiliar de Provisión de Energía Eléctrica UPS,[un],120, $  557.11 ," $  66,853.20 ",,,,,,,,,,,,
2-TELVENT,1,2,5,,RUBRO A,MANTENIMIENTO PREVENTIVO Y CORRECTIVO MENSUAL DE EQUIPAMIENTO,Cartel Escolar Inteligente,[un],600, $  157.90 ," $  94,740.00 ",,,,,,,,,,,,
2-TELVENT,1,2,6,,RUBRO A,MANTENIMIENTO PREVENTIVO Y CORRECTIVO MENSUAL DE EQUIPAMIENTO,Semáforo Peatonal con Cuenta Regresiva,[un],2400, $  124.18 ," $  298,032.00 ",,,,,,,,,,,,
2-TELVENT,1,2,7,,RUBRO A,MANTENIMIENTO PREVENTIVO Y CORRECTIVO MENSUAL DE EQUIPAMIENTO,Cartel Mensaje Variable (Incluye Instalación y Equipo),[un],600, $  320.37 ," $  192,222.00 ",,,,,,,,,,,,
2-TELVENT,1,2,8,,RUBRO A,MANTENIMIENTO PREVENTIVO Y CORRECTIVO MENSUAL DE EQUIPAMIENTO,Dador de Velocidad (Incluye Instalación y Equipo),[un],240, $  157.90 ," $  37,896.00 ",,,,,,,,,,,,
2-TELVENT,1,2,9,,RUBRO A,MANTENIMIENTO PREVENTIVO Y CORRECTIVO MENSUAL DE EQUIPAMIENTO,Equipo Avisador Sonoro Para no Videntes (Incluye Instalación y Equipo),[un],1200, $  291.74 ," $  350,088.00 ",,,,,,,,,,,,
2-TELVENT,1,2,10,,RUBRO A,MANTENIMIENTO PREVENTIVO Y CORRECTIVO MENSUAL DE EQUIPAMIENTO,Equipo Controlador de Giro Preferencial Para Transporte Público. (Incluye Instalación y Equipo),[un],240, $  286.06 ," $  68,654.40 ",,,,,,,,,,,,
2-TELVENT,2,1,1,,RUBRO B,MANTENIMIENTO PREVENTIVO Y CORRECTIVO MENSUAL DE COMANDOS DE ÁREA Y SISTEMAS,Comando de Control de Área C.C.A.I,[un],60," $  24,169.54 "," $  1,450,172.40 ",,,,,,,,,,,,
2-TELVENT,2,1,2,,RUBRO B,MANTENIMIENTO PREVENTIVO Y CORRECTIVO MENSUAL DE COMANDOS DE ÁREA Y SISTEMAS,Coordinador de Subárea,[un],0," $  4,701.37 ", $  -   ,,,,,,,,,,,,
2-TELVENT,2,1,3,,RUBRO B,MANTENIMIENTO PREVENTIVO Y CORRECTIVO MENSUAL DE COMANDOS DE ÁREA Y SISTEMAS,Comando Centralizado,[un],60," $  8,072.43 "," $  484,345.80 ",,,,,,,,,,,,
2-TELVENT,2,1,4,,RUBRO B,MANTENIMIENTO PREVENTIVO Y CORRECTIVO MENSUAL DE COMANDOS DE ÁREA Y SISTEMAS,Puestos de Control de Acceso al Área Microcentro,[un],0," $  2,143.23 ", $  -   ,,,,,,,,,,,,
2-TELVENT,2,1,5,,RUBRO B,MANTENIMIENTO PREVENTIVO Y CORRECTIVO MENSUAL DE COMANDOS DE ÁREA Y SISTEMAS,Sistema de Control de Acceso al Área Microcentro,[un],240," $  7,052.06 "," $  1,692,494.40 ",,,,,,,,,,,,
2-TELVENT,2,1,6,1,RUBRO B,MANTENIMIENTO PREVENTIVO Y CORRECTIVO MENSUAL DE COMANDOS DE ÁREA Y SISTEMAS,Cámaras de supervisión,[un],600, $  739.98 ," $  443,988.00 ",,,,,,,,,,,,
2-TELVENT,2,1,6,2,RUBRO B,MANTENIMIENTO PREVENTIVO Y CORRECTIVO MENSUAL DE COMANDOS DE ÁREA Y SISTEMAS,Señales de cámaras externas,[un],0, $  302.58 , $  -   ,,,,,,,,,,,,
2-TELVENT,2,1,6,3,RUBRO B,MANTENIMIENTO PREVENTIVO Y CORRECTIVO MENSUAL DE COMANDOS DE ÁREA Y SISTEMAS,Sistema de video-matriz y monitores,[gl],0," $  15,223.50 ", $  -   ,,,,,,,,,,,,
2-TELVENT,2,1,6,4,RUBRO B,MANTENIMIENTO PREVENTIVO Y CORRECTIVO MENSUAL DE COMANDOS DE ÁREA Y SISTEMAS,Tramo de 100m de red de comunicaciones de fibra óptica,[un],2400, $  162.19 ," $  389,256.00 ",,,,,,,,,,,,
2-TELVENT,2,1,6,5,RUBRO B,MANTENIMIENTO PREVENTIVO Y CORRECTIVO MENSUAL DE COMANDOS DE ÁREA Y SISTEMAS,Sistema de digitalización de imágenes,[gl],0," $  13,794.68 ", $  -   ,,,,,,,,,,,,
2-TELVENT,2,1,7,,RUBRO B,MANTENIMIENTO PREVENTIVO Y CORRECTIVO MENSUAL DE COMANDOS DE ÁREA Y SISTEMAS,Mantenimiento del Edificio de Comando,[m2],3780, $  119.40 ," $  451,332.00 ",,,,,,,,,,,,
2-TELVENT,2,1,8,,RUBRO B,MANTENIMIENTO PREVENTIVO Y CORRECTIVO MENSUAL DE COMANDOS DE ÁREA Y SISTEMAS,Mantenimiento del Edificio de Comando Centralizado,[m2],3780, $  119.40 ," $  451,332.00 ",,,,,,,,,,,,
2-TELVENT,2,1,9,,RUBRO B,MANTENIMIENTO PREVENTIVO Y CORRECTIVO MENSUAL DE COMANDOS DE ÁREA Y SISTEMAS,Mantenimiento y Operación de Sistema de Retroproyección,[un],0," $  14,875.50 ", $  -   ,,,,,,,,,,,,
2-TELVENT,2,2,,,RUBRO B,MODERNIZACIÓN DE LOS SISTEMAS DE TRÁNSITO,MODERNIZACIÓN DE LOS SISTEMAS DE TRÁNSITO,[gl],1," $  3,653,900.03 "," $  3,653,900.03 ",,,,,,,,,,,,
2-TELVENT,2,3,,,RUBRO B,IMPLANTACIÓN DE NUEVO SISTEMA DE TRÁNSITO,IMPLANTACIÓN DE NUEVO SISTEMA DE TRÁNSITO,[gl],1," $  10,448,700.30 "," $  10,448,700.30 ",,,,,,,,,,,,
2-TELVENT,3,1,,,RUBRO C,CONSTRUCCIÓN DE NUEVOS CRUCES SEMAFORIZADOS,CONSTRUCCIÓN DE NUEVOS CRUCES SEMAFORIZADOS,[gl],1," $  3,253,630.46 "," $  3,253,630.46 ",,,,,,,,,,,,
2-TELVENT,3,2,,,RUBRO C,"DAÑOS, TRASLADOS Y REMODELACIONES","DAÑOS, TRASLADOS Y REMODELACIONES",[gl],1," $  1,543,960.26 "," $  1,543,960.26 ",,,,,,,,,,,,
2-TELVENT,3,3,,,RUBRO C,REPARACIÓN DE EQUIPOS CONTROLADORES,REPARACIÓN DE EQUIPOS CONTROLADORES,[gl],1," $  292,259.41 "," $  292,259.41 ",,,,,,,,,,,,
2-TELVENT,3,4,,,RUBRO C,OBRAS VARIAS Y ACTIVIDADES RESTANTES,OBRAS VARIAS Y ACTIVIDADES RESTANTES,[gl],1," $  7,713,432.51 "," $  7,713,432.51 ",,,,,,,,,,,,
3-MANTELECTRIC,1,1,1,,RUBRO A,MANTENIMIENTO PREVENTIVO Y CORRECTIVO MENSUAL DE INSTALACIONES,Instalación Tipo 1,[un],13020, $  371.61 ," $  4,838,362.20 ",,,,,,,,,,,,
3-MANTELECTRIC,1,1,2,,RUBRO A,MANTENIMIENTO PREVENTIVO Y CORRECTIVO MENSUAL DE INSTALACIONES,Instalación Tipo 2,[un],15420, $  528.67 ," $  8,152,091.40 ",,,,,,,,,,,,
3-MANTELECTRIC,1,1,3,,RUBRO A,MANTENIMIENTO PREVENTIVO Y CORRECTIVO MENSUAL DE INSTALACIONES,Instalación Tipo 3,[un],1560, $  770.58 ," $  1,202,104.80 ",,,,,,,,,,,,
3-MANTELECTRIC,1,1,4,,RUBRO A,MANTENIMIENTO PREVENTIVO Y CORRECTIVO MENSUAL DE INSTALACIONES,Instalación Tipo 4,[un],1620, $  890.20 ," $  1,442,124.00 ",,,,,,,,,,,,
3-MANTELECTRIC,1,1,5,,RUBRO A,MANTENIMIENTO PREVENTIVO Y CORRECTIVO MENSUAL DE INSTALACIONES,Instalación Cartel Escolar Inteligente,[un],420, $  185.20 ," $  77,784.00 ",,,,,,,,,,,,
3-MANTELECTRIC,1,2,1,,RUBRO A,MANTENIMIENTO PREVENTIVO Y CORRECTIVO MENSUAL DE EQUIPAMIENTO,Equipo Controlador de Cualquier Tipo,[un],31320, $  351.67 ," $  11,014,304.40 ",,,,,,,,,,,,
3-MANTELECTRIC,1,2,2,,RUBRO A,MANTENIMIENTO PREVENTIVO Y CORRECTIVO MENSUAL DE EQUIPAMIENTO,Puesto de Medición de Hasta 4 Detectores Vehiculares,[un],2220, $  403.18 ," $  895,059.60 ",,,,,,,,,,,,
3-MANTELECTRIC,1,2,3,,RUBRO A,MANTENIMIENTO PREVENTIVO Y CORRECTIVO MENSUAL DE EQUIPAMIENTO,Puesto de Medición de mas 4 Detectores Vehiculares,[un],540, $  498.45 ," $  269,163.00 ",,,,,,,,,,,,
3-MANTELECTRIC,1,2,4,,RUBRO A,MANTENIMIENTO PREVENTIVO Y CORRECTIVO MENSUAL DE EQUIPAMIENTO,Unidad Auxiliar de Provisión de Energía Eléctrica UPS,[un],120, $  620.16 ," $  74,419.20 ",,,,,,,,,,,,
3-MANTELECTRIC,1,2,5,,RUBRO A,MANTENIMIENTO PREVENTIVO Y CORRECTIVO MENSUAL DE EQUIPAMIENTO,Cartel Escolar Inteligente,[un],420, $  175.78 ," $  73,827.60 ",,,,,,,,,,,,
3-MANTELECTRIC,1,2,6,,RUBRO A,MANTENIMIENTO PREVENTIVO Y CORRECTIVO MENSUAL DE EQUIPAMIENTO,Semáforo Peatonal con Cuenta Regresiva,[un],1200, $  138.23 ," $  165,876.00 ",,,,,,,,,,,,
3-MANTELECTRIC,1,2,7,,RUBRO A,MANTENIMIENTO PREVENTIVO Y CORRECTIVO MENSUAL DE EQUIPAMIENTO,Cartel Mensaje Variable (Incluye Instalación y Equipo),[un],180, $  356.66 ," $  64,198.80 ",,,,,,,,,,,,
3-MANTELECTRIC,1,2,8,,RUBRO A,MANTENIMIENTO PREVENTIVO Y CORRECTIVO MENSUAL DE EQUIPAMIENTO,Dador de Velocidad (Incluye Instalación y Equipo),[un],360, $  175.78 ," $  63,280.80 ",,,,,,,,,,,,
3-MANTELECTRIC,1,2,9,,RUBRO A,MANTENIMIENTO PREVENTIVO Y CORRECTIVO MENSUAL DE EQUIPAMIENTO,Equipo Avisador Sonoro Para no Videntes (Incluye Instalación y Equipo),[un],240, $  324.76 ," $  77,942.40 ",,,,,,,,,,,,
3-MANTELECTRIC,1,2,10,,RUBRO A,MANTENIMIENTO PREVENTIVO Y CORRECTIVO MENSUAL DE EQUIPAMIENTO,Equipo Controlador de Giro Preferencial Para Transporte Público. (Incluye Instalación y Equipo),[un],0, $  318.44 , $  -   ,,,,,,,,,,,,
3-MANTELECTRIC,2,1,1,,RUBRO B,MANTENIMIENTO PREVENTIVO Y CORRECTIVO MENSUAL DE COMANDOS DE ÁREA Y SISTEMAS,Comando de Control de Área C.C.A.I,[un],60," $  26,905.35 "," $  1,614,321.00 ",,,,,,,,,,,,
3-MANTELECTRIC,2,1,2,,RUBRO B,MANTENIMIENTO PREVENTIVO Y CORRECTIVO MENSUAL DE COMANDOS DE ÁREA Y SISTEMAS,Coordinador de Subárea,[un],0," $  5,233.53 ", $  -   ,,,,,,,,,,,,
3-MANTELECTRIC,2,1,3,,RUBRO B,MANTENIMIENTO PREVENTIVO Y CORRECTIVO MENSUAL DE COMANDOS DE ÁREA Y SISTEMAS,Comando Centralizado,[un],60," $  8,986.17 "," $  539,170.20 ",,,,,,,,,,,,
3-MANTELECTRIC,2,1,4,,RUBRO B,MANTENIMIENTO PREVENTIVO Y CORRECTIVO MENSUAL DE COMANDOS DE ÁREA Y SISTEMAS,Puestos de Control de Acceso al Área Microcentro,[un],0," $  2,385.83 ", $  -   ,,,,,,,,,,,,
3-MANTELECTRIC,2,1,5,,RUBRO B,MANTENIMIENTO PREVENTIVO Y CORRECTIVO MENSUAL DE COMANDOS DE ÁREA Y SISTEMAS,Sistema de Control de Acceso al Área Microcentro,[un],0," $  7,850.30 ", $  -   ,,,,,,,,,,,,
3-MANTELECTRIC,2,1,6,1,RUBRO B,MANTENIMIENTO PREVENTIVO Y CORRECTIVO MENSUAL DE COMANDOS DE ÁREA Y SISTEMAS,Cámaras de supervisión,[un],1020, $  823.74 ," $  840,214.80 ",,,,,,,,,,,,
3-MANTELECTRIC,2,1,6,2,RUBRO B,MANTENIMIENTO PREVENTIVO Y CORRECTIVO MENSUAL DE COMANDOS DE ÁREA Y SISTEMAS,Señales de cámaras externas,[un],0, $  336.83 , $  -   ,,,,,,,,,,,,
3-MANTELECTRIC,2,1,6,3,RUBRO B,MANTENIMIENTO PREVENTIVO Y CORRECTIVO MENSUAL DE COMANDOS DE ÁREA Y SISTEMAS,Sistema de video-matriz y monitores,[gl],0," $  16,946.68 ", $  -   ,,,,,,,,,,,,
3-MANTELECTRIC,2,1,6,4,RUBRO B,MANTENIMIENTO PREVENTIVO Y CORRECTIVO MENSUAL DE COMANDOS DE ÁREA Y SISTEMAS,Tramo de 100m de red de comunicaciones de fibra óptica,[un],1200, $  180.54 ," $  216,648.00 ",,,,,,,,,,,,
3-MANTELECTRIC,2,1,6,5,RUBRO B,MANTENIMIENTO PREVENTIVO Y CORRECTIVO MENSUAL DE COMANDOS DE ÁREA Y SISTEMAS,Sistema de digitalización de imágenes,[gl],0," $  15,356.13 ", $  -   ,,,,,,,,,,,,
3-MANTELECTRIC,2,1,7,,RUBRO B,MANTENIMIENTO PREVENTIVO Y CORRECTIVO MENSUAL DE COMANDOS DE ÁREA Y SISTEMAS,Mantenimiento del Edificio de Comando,[m2],3360, $  132.92 ," $  446,611.20 ",,,,,,,,,,,,
3-MANTELECTRIC,2,1,8,,RUBRO B,MANTENIMIENTO PREVENTIVO Y CORRECTIVO MENSUAL DE COMANDOS DE ÁREA Y SISTEMAS,Mantenimiento del Edificio de Comando Centralizado,[m2],3360, $  132.92 ," $  446,611.20 ",,,,,,,,,,,,
3-MANTELECTRIC,2,1,9,,RUBRO B,MANTENIMIENTO PREVENTIVO Y CORRECTIVO MENSUAL DE COMANDOS DE ÁREA Y SISTEMAS,Mantenimiento y Operación de Sistema de Retroproyección,[un],0," $  16,559.29 ", $  -   ,,,,,,,,,,,,
3-MANTELECTRIC,2,2,,,RUBRO B,MODERNIZACIÓN DE LOS SISTEMAS DE TRÁNSITO,MODERNIZACIÓN DE LOS SISTEMAS DE TRÁNSITO,[gl],1," $  4,067,494.14 "," $  4,067,494.14 ",,,,,,,,,,,,
3-MANTELECTRIC,2,3,,,RUBRO B,IMPLANTACIÓN DE NUEVO SISTEMA DE TRÁNSITO,IMPLANTACIÓN DE NUEVO SISTEMA DE TRÁNSITO,[gl],1," $  14,713,586.53 "," $  14,713,586.53 ",,,,,,,,,,,,
3-MANTELECTRIC,3,1,,,RUBRO C,CONSTRUCCIÓN DE NUEVOS CRUCES SEMAFORIZADOS,CONSTRUCCIÓN DE NUEVOS CRUCES SEMAFORIZADOS,[gl],1," $  3,213,188.87 "," $  3,213,188.87 ",,,,,,,,,,,,
3-MANTELECTRIC,3,2,,,RUBRO C,"DAÑOS, TRASLADOS Y REMODELACIONES","DAÑOS, TRASLADOS Y REMODELACIONES",[gl],1," $  1,859,264.43 "," $  1,859,264.43 ",,,,,,,,,,,,
3-MANTELECTRIC,3,3,,,RUBRO C,REPARACIÓN DE EQUIPOS CONTROLADORES,REPARACIÓN DE EQUIPOS CONTROLADORES,[gl],1," $  288,116.27 "," $  288,116.27 ",,,,,,,,,,,,
3-MANTELECTRIC,3,4,,,RUBRO C,OBRAS VARIAS Y ACTIVIDADES RESTANTES,OBRAS VARIAS Y ACTIVIDADES RESTANTES,[gl],1," $  11,422,109.56 "," $  11,422,109.56 ",,,,,,,,,,,,
4-AUTOTROL,1,1,1,,RUBRO A,MANTENIMIENTO PREVENTIVO Y CORRECTIVO MENSUAL DE INSTALACIONES,Instalación Tipo 1,[un],10860, $  348.92 ," $  3,789,271.20 ",,,,,,,,,,,,
4-AUTOTROL,1,1,2,,RUBRO A,MANTENIMIENTO PREVENTIVO Y CORRECTIVO MENSUAL DE INSTALACIONES,Instalación Tipo 2,[un],12960, $  496.40 ," $  6,433,344.00 ",,,,,,,,,,,,
4-AUTOTROL,1,1,3,,RUBRO A,MANTENIMIENTO PREVENTIVO Y CORRECTIVO MENSUAL DE INSTALACIONES,Instalación Tipo 3,[un],1560, $  723.53 ," $  1,128,706.80 ",,,,,,,,,,,,
4-AUTOTROL,1,1,4,,RUBRO A,MANTENIMIENTO PREVENTIVO Y CORRECTIVO MENSUAL DE INSTALACIONES,Instalación Tipo 4,[un],420, $  835.85 ," $  351,057.00 ",,,,,,,,,,,,
4-AUTOTROL,1,1,5,,RUBRO A,MANTENIMIENTO PREVENTIVO Y CORRECTIVO MENSUAL DE INSTALACIONES,Instalación Cartel Escolar Inteligente,[un],480, $  173.89 ," $  83,467.20 ",,,,,,,,,,,,
4-AUTOTROL,1,2,1,,RUBRO A,MANTENIMIENTO PREVENTIVO Y CORRECTIVO MENSUAL DE EQUIPAMIENTO,Equipo Controlador de Cualquier Tipo,[un],25740, $  330.20 ," $  8,499,348.00 ",,,,,,,,,,,,
4-AUTOTROL,1,2,2,,RUBRO A,MANTENIMIENTO PREVENTIVO Y CORRECTIVO MENSUAL DE EQUIPAMIENTO,Puesto de Medición de Hasta 4 Detectores Vehiculares,[un],960, $  378.56 ," $  363,417.60 ",,,,,,,,,,,,
4-AUTOTROL,1,2,3,,RUBRO A,MANTENIMIENTO PREVENTIVO Y CORRECTIVO MENSUAL DE EQUIPAMIENTO,Puesto de Medición de mas 4 Detectores Vehiculares,[un],240, $  468.02 ," $  112,324.80 ",,,,,,,,,,,,
4-AUTOTROL,1,2,4,,RUBRO A,MANTENIMIENTO PREVENTIVO Y CORRECTIVO MENSUAL DE EQUIPAMIENTO,Unidad Auxiliar de Provisión de Energía Eléctrica UPS,[un],60, $  582.30 ," $  34,938.00 ",,,,,,,,,,,,
4-AUTOTROL,1,2,5,,RUBRO A,MANTENIMIENTO PREVENTIVO Y CORRECTIVO MENSUAL DE EQUIPAMIENTO,Cartel Escolar Inteligente,[un],480, $  165.05 ," $  79,224.00 ",,,,,,,,,,,,
4-AUTOTROL,1,2,6,,RUBRO A,MANTENIMIENTO PREVENTIVO Y CORRECTIVO MENSUAL DE EQUIPAMIENTO,Semáforo Peatonal con Cuenta Regresiva,[un],1200, $  129.80 ," $  155,760.00 ",,,,,,,,,,,,
4-AUTOTROL,1,2,7,,RUBRO A,MANTENIMIENTO PREVENTIVO Y CORRECTIVO MENSUAL DE EQUIPAMIENTO,Cartel Mensaje Variable (Incluye Instalación y Equipo),[un],120, $  334.88 ," $  40,185.60 ",,,,,,,,,,,,
4-AUTOTROL,1,2,8,,RUBRO A,MANTENIMIENTO PREVENTIVO Y CORRECTIVO MENSUAL DE EQUIPAMIENTO,Dador de Velocidad (Incluye Instalación y Equipo),[un],240, $  165.05 ," $  39,612.00 ",,,,,,,,,,,,
4-AUTOTROL,1,2,9,,RUBRO A,MANTENIMIENTO PREVENTIVO Y CORRECTIVO MENSUAL DE EQUIPAMIENTO,Equipo Avisador Sonoro Para no Videntes (Incluye Instalación y Equipo),[un],600, $  304.93 ," $  182,958.00 ",,,,,,,,,,,,
4-AUTOTROL,1,2,10,,RUBRO A,MANTENIMIENTO PREVENTIVO Y CORRECTIVO MENSUAL DE EQUIPAMIENTO,Equipo Controlador de Giro Preferencial Para Transporte Público. (Incluye Instalación y Equipo),[un],600, $  299.00 ," $  179,400.00 ",,,,,,,,,,,,
4-AUTOTROL,2,1,1,,RUBRO B,MANTENIMIENTO PREVENTIVO Y CORRECTIVO MENSUAL DE COMANDOS DE ÁREA Y SISTEMAS,Comando de Control de Área C.C.A.I,[un],60," $  25,262.65 "," $  1,515,759.00 ",,,,,,,,,,,,
4-AUTOTROL,2,1,2,,RUBRO B,MANTENIMIENTO PREVENTIVO Y CORRECTIVO MENSUAL DE COMANDOS DE ÁREA Y SISTEMAS,Coordinador de Subárea,[un],0," $  4,914.00 ", $  -   ,,,,,,,,,,,,
4-AUTOTROL,2,1,3,,RUBRO B,MANTENIMIENTO PREVENTIVO Y CORRECTIVO MENSUAL DE COMANDOS DE ÁREA Y SISTEMAS,Comando Centralizado,[un],60," $  8,437.52 "," $  506,251.20 ",,,,,,,,,,,,
4-AUTOTROL,2,1,4,,RUBRO B,MANTENIMIENTO PREVENTIVO Y CORRECTIVO MENSUAL DE COMANDOS DE ÁREA Y SISTEMAS,Puestos de Control de Acceso al Área Microcentro,[un],0," $  2,240.16 ", $  -   ,,,,,,,,,,,,
4-AUTOTROL,2,1,5,,RUBRO B,MANTENIMIENTO PREVENTIVO Y CORRECTIVO MENSUAL DE COMANDOS DE ÁREA Y SISTEMAS,Sistema de Control de Acceso al Área Microcentro,[un],0," $  7,371.00 ", $  -   ,,,,,,,,,,,,
4-AUTOTROL,2,1,6,1,RUBRO B,MANTENIMIENTO PREVENTIVO Y CORRECTIVO MENSUAL DE COMANDOS DE ÁREA Y SISTEMAS,Cámaras de supervisión,[un],360, $  773.45 ," $  278,442.00 ",,,,,,,,,,,,
4-AUTOTROL,2,1,6,2,RUBRO B,MANTENIMIENTO PREVENTIVO Y CORRECTIVO MENSUAL DE COMANDOS DE ÁREA Y SISTEMAS,Señales de cámaras externas,[un],0, $  316.26 , $  -   ,,,,,,,,,,,,
4-AUTOTROL,2,1,6,3,RUBRO B,MANTENIMIENTO PREVENTIVO Y CORRECTIVO MENSUAL DE COMANDOS DE ÁREA Y SISTEMAS,Sistema de video-matriz y monitores,[gl],60," $  15,912.00 "," $  954,720.00 ",,,,,,,,,,,,
4-AUTOTROL,2,1,6,4,RUBRO B,MANTENIMIENTO PREVENTIVO Y CORRECTIVO MENSUAL DE COMANDOS DE ÁREA Y SISTEMAS,Tramo de 100m de red de comunicaciones de fibra óptica,[un],1200, $  169.52 ," $  203,424.00 ",,,,,,,,,,,,
4-AUTOTROL,2,1,6,5,RUBRO B,MANTENIMIENTO PREVENTIVO Y CORRECTIVO MENSUAL DE COMANDOS DE ÁREA Y SISTEMAS,Sistema de digitalización de imágenes,[gl],60," $  14,418.56 "," $  865,113.60 ",,,,,,,,,,,,
4-AUTOTROL,2,1,7,,RUBRO B,MANTENIMIENTO PREVENTIVO Y CORRECTIVO MENSUAL DE COMANDOS DE ÁREA Y SISTEMAS,Mantenimiento del Edificio de Comando,[m2],6000, $  124.80 ," $  748,800.00 ",,,,,,,,,,,,
4-AUTOTROL,2,1,8,,RUBRO B,MANTENIMIENTO PREVENTIVO Y CORRECTIVO MENSUAL DE COMANDOS DE ÁREA Y SISTEMAS,Mantenimiento del Edificio de Comando Centralizado,[m2],6000, $  124.80 ," $  748,800.00 ",,,,,,,,,,,,
4-AUTOTROL,2,1,9,,RUBRO B,MANTENIMIENTO PREVENTIVO Y CORRECTIVO MENSUAL DE COMANDOS DE ÁREA Y SISTEMAS,Mantenimiento y Operación de Sistema de Retroproyección,[un],0," $  15,548.26 ", $  -   ,,,,,,,,,,,,
4-AUTOTROL,2,2,,,RUBRO B,MODERNIZACIÓN DE LOS SISTEMAS DE TRÁNSITO,MODERNIZACIÓN DE LOS SISTEMAS DE TRÁNSITO,[gl],1," $  3,335,780.65 "," $  3,335,780.65 ",,,,,,,,,,,,
4-AUTOTROL,2,3,,,RUBRO B,IMPLANTACIÓN DE NUEVO SISTEMA DE TRÁNSITO,IMPLANTACIÓN DE NUEVO SISTEMA DE TRÁNSITO,[gl],1," $  11,947,340.00 "," $  11,947,340.00 ",,,,,,,,,,,,
4-AUTOTROL,3,1,,,RUBRO C,CONSTRUCCIÓN DE NUEVOS CRUCES SEMAFORIZADOS,CONSTRUCCIÓN DE NUEVOS CRUCES SEMAFORIZADOS,[gl],1," $  3,017,088.07 "," $  3,017,088.07 ",,,,,,,,,,,,
4-AUTOTROL,3,2,,,RUBRO C,"DAÑOS, TRASLADOS Y REMODELACIONES","DAÑOS, TRASLADOS Y REMODELACIONES",[gl],1," $  1,357,328.88 "," $  1,357,328.88 ",,,,,,,,,,,,
4-AUTOTROL,3,3,,,RUBRO C,REPARACIÓN DE EQUIPOS CONTROLADORES,REPARACIÓN DE EQUIPOS CONTROLADORES,[gl],1," $  176,083.61 "," $  176,083.61 ",,,,,,,,,,,,
4-AUTOTROL,3,4,,,RUBRO C,OBRAS VARIAS Y ACTIVIDADES RESTANTES,OBRAS VARIAS Y ACTIVIDADES RESTANTES,[gl],1," $  6,284,408.36 "," $  6,284,408.36 ",,,,,,,,,,,,
6-AUTOTROL,1,1,1,,RUBRO A,MANTENIMIENTO PREVENTIVO Y CORRECTIVO MENSUAL DE INSTALACIONES,Instalación Tipo 1,[un],5040, $  318.73 ," $  1,606,399.20 ",,,,,,,,,,,,
6-AUTOTROL,1,1,2,,RUBRO A,MANTENIMIENTO PREVENTIVO Y CORRECTIVO MENSUAL DE INSTALACIONES,Instalación Tipo 2,[un],16500, $  453.44 ," $  7,481,760.00 ",,,,,,,,,,,,
6-AUTOTROL,1,1,3,,RUBRO A,MANTENIMIENTO PREVENTIVO Y CORRECTIVO MENSUAL DE INSTALACIONES,Instalación Tipo 3,[un],1920, $  660.92 ," $  1,268,966.40 ",,,,,,,,,,,,
6-AUTOTROL,1,1,4,,RUBRO A,MANTENIMIENTO PREVENTIVO Y CORRECTIVO MENSUAL DE INSTALACIONES,Instalación Tipo 4,[un],120, $  763.52 ," $  91,622.40 ",,,,,,,,,,,,
6-AUTOTROL,1,1,5,,RUBRO A,MANTENIMIENTO PREVENTIVO Y CORRECTIVO MENSUAL DE INSTALACIONES,Instalación Cartel Escolar Inteligente,[un],1200, $  158.84 ," $  190,608.00 ",,,,,,,,,,,,
6-AUTOTROL,1,2,1,,RUBRO A,MANTENIMIENTO PREVENTIVO Y CORRECTIVO MENSUAL DE EQUIPAMIENTO,Equipo Controlador de Cualquier Tipo,[un],23400, $  301.61 ," $  7,057,674.00 ",,,,,,,,,,,,
6-AUTOTROL,1,2,2,,RUBRO A,MANTENIMIENTO PREVENTIVO Y CORRECTIVO MENSUAL DE EQUIPAMIENTO,Puesto de Medición de Hasta 4 Detectores Vehiculares,[un],2400, $  345.79 ," $  829,896.00 ",,,,,,,,,,,,
6-AUTOTROL,1,2,3,,RUBRO A,MANTENIMIENTO PREVENTIVO Y CORRECTIVO MENSUAL DE EQUIPAMIENTO,Puesto de Medición de mas 4 Detectores Vehiculares,[un],0, $  427.52 , $  -   ,,,,,,,,,,,,
6-AUTOTROL,1,2,4,,RUBRO A,MANTENIMIENTO PREVENTIVO Y CORRECTIVO MENSUAL DE EQUIPAMIENTO,Unidad Auxiliar de Provisión de Energía Eléctrica UPS,[un],0, $  531.91 , $  -   ,,,,,,,,,,,,
6-AUTOTROL,1,2,5,,RUBRO A,MANTENIMIENTO PREVENTIVO Y CORRECTIVO MENSUAL DE EQUIPAMIENTO,Cartel Escolar Inteligente,[un],1200, $  150.75 ," $  180,900.00 ",,,,,,,,,,,,
6-AUTOTROL,1,2,6,,RUBRO A,MANTENIMIENTO PREVENTIVO Y CORRECTIVO MENSUAL DE EQUIPAMIENTO,Semáforo Peatonal con Cuenta Regresiva,[un],1200, $  118.56 ," $  142,272.00 ",,,,,,,,,,,,
6-AUTOTROL,1,2,7,,RUBRO A,MANTENIMIENTO PREVENTIVO Y CORRECTIVO MENSUAL DE EQUIPAMIENTO,Cartel Mensaje Variable (Incluye Instalación y Equipo),[un],240, $  305.90 ," $  73,416.00 ",,,,,,,,,,,,
6-AUTOTROL,1,2,8,,RUBRO A,MANTENIMIENTO PREVENTIVO Y CORRECTIVO MENSUAL DE EQUIPAMIENTO,Dador de Velocidad (Incluye Instalación y Equipo),[un],240, $  150.77 ," $  36,184.80 ",,,,,,,,,,,,
6-AUTOTROL,1,2,9,,RUBRO A,MANTENIMIENTO PREVENTIVO Y CORRECTIVO MENSUAL DE EQUIPAMIENTO,Equipo Avisador Sonoro Para no Videntes (Incluye Instalación y Equipo),[un],600, $  278.54 ," $  167,124.00 ",,,,,,,,,,,,
6-AUTOTROL,1,2,10,,RUBRO A,MANTENIMIENTO PREVENTIVO Y CORRECTIVO MENSUAL DE EQUIPAMIENTO,Equipo Controlador de Giro Preferencial Para Transporte Público. (Incluye Instalación y Equipo),[un],600, $  273.13 ," $  163,878.00 ",,,,,,,,,,,,
6-AUTOTROL,2,1,1,,RUBRO B,MANTENIMIENTO PREVENTIVO Y CORRECTIVO MENSUAL DE COMANDOS DE ÁREA Y SISTEMAS,Comando de Control de Área C.C.A.I,[un],60," $  23,076.45 "," $  1,384,587.00 ",,,,,,,,,,,,
6-AUTOTROL,2,1,2,,RUBRO B,MANTENIMIENTO PREVENTIVO Y CORRECTIVO MENSUAL DE COMANDOS DE ÁREA Y SISTEMAS,Coordinador de Subárea,[un],0," $  4,488.75 ", $  -   ,,,,,,,,,,,,
6-AUTOTROL,2,1,3,,RUBRO B,MANTENIMIENTO PREVENTIVO Y CORRECTIVO MENSUAL DE COMANDOS DE ÁREA Y SISTEMAS,Comando Centralizado,[un],60," $  7,707.35 "," $  462,441.00 ",,,,,,,,,,,,
6-AUTOTROL,2,1,4,,RUBRO B,MANTENIMIENTO PREVENTIVO Y CORRECTIVO MENSUAL DE COMANDOS DE ÁREA Y SISTEMAS,Puestos de Control de Acceso al Área Microcentro,[un],0," $  2,046.30 ", $  -   ,,,,,,,,,,,,
6-AUTOTROL,2,1,5,,RUBRO B,MANTENIMIENTO PREVENTIVO Y CORRECTIVO MENSUAL DE COMANDOS DE ÁREA Y SISTEMAS,Sistema de Control de Acceso al Área Microcentro,[un],0," $  6,733.13 ", $  -   ,,,,,,,,,,,,
6-AUTOTROL,2,1,6,1,RUBRO B,MANTENIMIENTO PREVENTIVO Y CORRECTIVO MENSUAL DE COMANDOS DE ÁREA Y SISTEMAS,Cámaras de supervisión,[un],0, $  706.52 , $  -   ,,,,,,,,,,,,
6-AUTOTROL,2,1,6,2,RUBRO B,MANTENIMIENTO PREVENTIVO Y CORRECTIVO MENSUAL DE COMANDOS DE ÁREA Y SISTEMAS,Señales de cámaras externas,[un],0, $  288.90 , $  -   ,,,,,,,,,,,,
6-AUTOTROL,2,1,6,3,RUBRO B,MANTENIMIENTO PREVENTIVO Y CORRECTIVO MENSUAL DE COMANDOS DE ÁREA Y SISTEMAS,Sistema de video-matriz y monitores,[gl],0," $  1,435.00 ", $  -   ,,,,,,,,,,,,
6-AUTOTROL,2,1,6,4,RUBRO B,MANTENIMIENTO PREVENTIVO Y CORRECTIVO MENSUAL DE COMANDOS DE ÁREA Y SISTEMAS,Tramo de 100m de red de comunicaciones de fibra óptica,[un],600, $  154.85 ," $  92,910.00 ",,,,,,,,,,,,
6-AUTOTROL,2,1,6,5,RUBRO B,MANTENIMIENTO PREVENTIVO Y CORRECTIVO MENSUAL DE COMANDOS DE ÁREA Y SISTEMAS,Sistema de digitalización de imágenes,[gl],60," $  13,170.80 "," $  790,248.00 ",,,,,,,,,,,,
6-AUTOTROL,2,1,7,,RUBRO B,MANTENIMIENTO PREVENTIVO Y CORRECTIVO MENSUAL DE COMANDOS DE ÁREA Y SISTEMAS,Mantenimiento del Edificio de Comando,[m2],2880, $  114.00 ," $  328,320.00 ",,,,,,,,,,,,
6-AUTOTROL,2,1,8,,RUBRO B,MANTENIMIENTO PREVENTIVO Y CORRECTIVO MENSUAL DE COMANDOS DE ÁREA Y SISTEMAS,Mantenimiento del Edificio de Comando Centralizado,[m2],2880, $  114.00 ," $  328,320.00 ",,,,,,,,,,,,
6-AUTOTROL,2,1,9,,RUBRO B,MANTENIMIENTO PREVENTIVO Y CORRECTIVO MENSUAL DE COMANDOS DE ÁREA Y SISTEMAS,Mantenimiento y Operación de Sistema de Retroproyección,[un],0," $  14,202.74 ", $  -   ,,,,,,,,,,,,
6-AUTOTROL,2,2,,,RUBRO B,MODERNIZACIÓN DE LOS SISTEMAS DE TRÁNSITO,MODERNIZACIÓN DE LOS SISTEMAS DE TRÁNSITO,[gl],1," $  2,867,748.40 "," $  2,867,748.40 ",,,,,,,,,,,,
6-AUTOTROL,2,3,,,RUBRO B,IMPLANTACIÓN DE NUEVO SISTEMA DE TRÁNSITO,IMPLANTACIÓN DE NUEVO SISTEMA DE TRÁNSITO,[gl],1," $  16,189,132.81 "," $  16,189,132.81 ",,,,,,,,,,,,
6-AUTOTROL,3,1,,,RUBRO C,CONSTRUCCIÓN DE NUEVOS CRUCES SEMAFORIZADOS,CONSTRUCCIÓN DE NUEVOS CRUCES SEMAFORIZADOS,[gl],1," $  2,243,246.49 "," $  2,243,246.49 ",,,,,,,,,,,,
6-AUTOTROL,3,2,,,RUBRO C,"DAÑOS, TRASLADOS Y REMODELACIONES","DAÑOS, TRASLADOS Y REMODELACIONES",[gl],1," $  997,924.66 "," $  997,924.66 ",,,,,,,,,,,,
6-AUTOTROL,3,3,,,RUBRO C,REPARACIÓN DE EQUIPOS CONTROLADORES,REPARACIÓN DE EQUIPOS CONTROLADORES,[gl],1," $  202,877.51 "," $  202,877.51 ",,,,,,,,,,,,
6-AUTOTROL,3,4,,,RUBRO C,OBRAS VARIAS Y ACTIVIDADES RESTANTES,OBRAS VARIAS Y ACTIVIDADES RESTANTES,[gl],1," $  5,817,253.08 "," $  5,817,253.08 ",,,,,,,,,,,,
7-MANTELECTRIC,1,1,1,,RUBRO A,MANTENIMIENTO PREVENTIVO Y CORRECTIVO MENSUAL DE INSTALACIONES,Instalación Tipo 1,[un],3240, $  345.37 ," $  1,118,998.80 ",,,,,,,,,,,,
7-MANTELECTRIC,1,1,2,,RUBRO A,MANTENIMIENTO PREVENTIVO Y CORRECTIVO MENSUAL DE INSTALACIONES,Instalación Tipo 2,[un],10260, $  491.34 ," $  5,041,148.40 ",,,,,,,,,,,,
7-MANTELECTRIC,1,1,3,,RUBRO A,MANTENIMIENTO PREVENTIVO Y CORRECTIVO MENSUAL DE INSTALACIONES,Instalación Tipo 3,[un],2220, $  716.17 ," $  1,589,897.40 ",,,,,,,,,,,,
7-MANTELECTRIC,1,1,4,,RUBRO A,MANTENIMIENTO PREVENTIVO Y CORRECTIVO MENSUAL DE INSTALACIONES,Instalación Tipo 4,[un],300, $  827.35 ," $  248,205.00 ",,,,,,,,,,,,
7-MANTELECTRIC,1,1,5,,RUBRO A,MANTENIMIENTO PREVENTIVO Y CORRECTIVO MENSUAL DE INSTALACIONES,Instalación Cartel Escolar Inteligente,[un],120, $  172.12 ," $  20,654.40 ",,,,,,,,,,,,
7-MANTELECTRIC,1,2,1,,RUBRO A,MANTENIMIENTO PREVENTIVO Y CORRECTIVO MENSUAL DE EQUIPAMIENTO,Equipo Controlador de Cualquier Tipo,[un],15780, $  326.84 ," $  5,157,535.20 ",,,,,,,,,,,,
7-MANTELECTRIC,1,2,2,,RUBRO A,MANTENIMIENTO PREVENTIVO Y CORRECTIVO MENSUAL DE EQUIPAMIENTO,Puesto de Medición de Hasta 4 Detectores Vehiculares,[un],1080, $  374.71 ," $  404,686.80 ",,,,,,,,,,,,
7-MANTELECTRIC,1,2,3,,RUBRO A,MANTENIMIENTO PREVENTIVO Y CORRECTIVO MENSUAL DE EQUIPAMIENTO,Puesto de Medición de mas 4 Detectores Vehiculares,[un],240, $  463.26 ," $  111,182.40 ",,,,,,,,,,,,
7-MANTELECTRIC,1,2,4,,RUBRO A,MANTENIMIENTO PREVENTIVO Y CORRECTIVO MENSUAL DE EQUIPAMIENTO,Unidad Auxiliar de Provisión de Energía Eléctrica UPS,[un],60, $  576.37 ," $  34,582.20 ",,,,,,,,,,,,
7-MANTELECTRIC,1,2,5,,RUBRO A,MANTENIMIENTO PREVENTIVO Y CORRECTIVO MENSUAL DE EQUIPAMIENTO,Cartel Escolar Inteligente,[un],1200, $  163.37 ," $  196,044.00 ",,,,,,,,,,,,
7-MANTELECTRIC,1,2,6,,RUBRO A,MANTENIMIENTO PREVENTIVO Y CORRECTIVO MENSUAL DE EQUIPAMIENTO,Semáforo Peatonal con Cuenta Regresiva,[un],1200, $  128.47 ," $  154,164.00 ",,,,,,,,,,,,
7-MANTELECTRIC,1,2,7,,RUBRO A,MANTENIMIENTO PREVENTIVO Y CORRECTIVO MENSUAL DE EQUIPAMIENTO,Cartel Mensaje Variable (Incluye Instalación y Equipo),[un],240, $  331.47 ," $  79,552.80 ",,,,,,,,,,,,
7-MANTELECTRIC,1,2,8,,RUBRO A,MANTENIMIENTO PREVENTIVO Y CORRECTIVO MENSUAL DE EQUIPAMIENTO,Dador de Velocidad (Incluye Instalación y Equipo),[un],240, $  163.37 ," $  39,208.80 ",,,,,,,,,,,,
7-MANTELECTRIC,1,2,9,,RUBRO A,MANTENIMIENTO PREVENTIVO Y CORRECTIVO MENSUAL DE EQUIPAMIENTO,Equipo Avisador Sonoro Para no Videntes (Incluye Instalación y Equipo),[un],600, $  301.83 ," $  181,098.00 ",,,,,,,,,,,,
7-MANTELECTRIC,1,2,10,,RUBRO A,MANTENIMIENTO PREVENTIVO Y CORRECTIVO MENSUAL DE EQUIPAMIENTO,Equipo Controlador de Giro Preferencial Para Transporte Público. (Incluye Instalación y Equipo),[un],360, $  295.96 ," $  106,545.60 ",,,,,,,,,,,,
7-MANTELECTRIC,2,1,1,,RUBRO B,MANTENIMIENTO PREVENTIVO Y CORRECTIVO MENSUAL DE COMANDOS DE ÁREA Y SISTEMAS,Comando de Control de Área C.C.A.I,[un],60," $  25,005.67 "," $  1,500,340.20 ",,,,,,,,,,,,
7-MANTELECTRIC,2,1,2,,RUBRO B,MANTENIMIENTO PREVENTIVO Y CORRECTIVO MENSUAL DE COMANDOS DE ÁREA Y SISTEMAS,Coordinador de Subárea,[un],0," $  4,864.02 ", $  -   ,,,,,,,,,,,,
7-MANTELECTRIC,2,1,3,,RUBRO B,MANTENIMIENTO PREVENTIVO Y CORRECTIVO MENSUAL DE COMANDOS DE ÁREA Y SISTEMAS,Comando Centralizado,[un],60," $  8,351.69 "," $  501,101.40 ",,,,,,,,,,,,
7-MANTELECTRIC,2,1,4,,RUBRO B,MANTENIMIENTO PREVENTIVO Y CORRECTIVO MENSUAL DE COMANDOS DE ÁREA Y SISTEMAS,Puestos de Control de Acceso al Área Microcentro,[un],0," $  2,217.37 ", $  -   ,,,,,,,,,,,,
7-MANTELECTRIC,2,1,5,,RUBRO B,MANTENIMIENTO PREVENTIVO Y CORRECTIVO MENSUAL DE COMANDOS DE ÁREA Y SISTEMAS,Sistema de Control de Acceso al Área Microcentro,[un],0," $  7,296.02 ", $  -   ,,,,,,,,,,,,
7-MANTELECTRIC,2,1,6,1,RUBRO B,MANTENIMIENTO PREVENTIVO Y CORRECTIVO MENSUAL DE COMANDOS DE ÁREA Y SISTEMAS,Cámaras de supervisión,[un],240, $  765.58 ," $  183,739.20 ",,,,,,,,,,,,
7-MANTELECTRIC,2,1,6,2,RUBRO B,MANTENIMIENTO PREVENTIVO Y CORRECTIVO MENSUAL DE COMANDOS DE ÁREA Y SISTEMAS,Señales de cámaras externas,[un],0, $  313.05 , $  -   ,,,,,,,,,,,,
7-MANTELECTRIC,2,1,6,3,RUBRO B,MANTENIMIENTO PREVENTIVO Y CORRECTIVO MENSUAL DE COMANDOS DE ÁREA Y SISTEMAS,Sistema de video-matriz y monitores,[gl],0," $  15,750.15 ", $  -   ,,,,,,,,,,,,
7-MANTELECTRIC,2,1,6,4,RUBRO B,MANTENIMIENTO PREVENTIVO Y CORRECTIVO MENSUAL DE COMANDOS DE ÁREA Y SISTEMAS,Tramo de 100m de red de comunicaciones de fibra óptica,[un],6000, $  167.80 ," $  1,006,800.00 ",,,,,,,,,,,,
7-MANTELECTRIC,2,1,6,5,RUBRO B,MANTENIMIENTO PREVENTIVO Y CORRECTIVO MENSUAL DE COMANDOS DE ÁREA Y SISTEMAS,Sistema de digitalización de imágenes,[gl],0," $  14,271.90 ", $  -   ,,,,,,,,,,,,
7-MANTELECTRIC,2,1,7,,RUBRO B,MANTENIMIENTO PREVENTIVO Y CORRECTIVO MENSUAL DE COMANDOS DE ÁREA Y SISTEMAS,Mantenimiento del Edificio de Comando,[m2],4200, $  123.53 ," $  518,826.00 ",,,,,,,,,,,,
7-MANTELECTRIC,2,1,8,,RUBRO B,MANTENIMIENTO PREVENTIVO Y CORRECTIVO MENSUAL DE COMANDOS DE ÁREA Y SISTEMAS,Mantenimiento del Edificio de Comando Centralizado,[m2],4200, $  123.53 ," $  518,826.00 ",,,,,,,,,,,,
7-MANTELECTRIC,2,1,9,,RUBRO B,MANTENIMIENTO PREVENTIVO Y CORRECTIVO MENSUAL DE COMANDOS DE ÁREA Y SISTEMAS,Mantenimiento y Operación de Sistema de Retroproyección,[un],0," $  15,390.11 ", $  -   ,,,,,,,,,,,,
7-MANTELECTRIC,2,2,,,RUBRO B,MODERNIZACIÓN DE LOS SISTEMAS DE TRÁNSITO,MODERNIZACIÓN DE LOS SISTEMAS DE TRÁNSITO,[gl],1," $  3,301,847.71 "," $  3,301,847.71 ",,,,,,,,,,,,
7-MANTELECTRIC,2,3,,,RUBRO B,IMPLANTACIÓN DE NUEVO SISTEMA DE TRÁNSITO,IMPLANTACIÓN DE NUEVO SISTEMA DE TRÁNSITO,[gl],1," $  11,768,292.10 "," $  11,768,292.10 ",,,,,,,,,,,,
7-MANTELECTRIC,3,1,,,RUBRO C,CONSTRUCCIÓN DE NUEVOS CRUCES SEMAFORIZADOS,CONSTRUCCIÓN DE NUEVOS CRUCES SEMAFORIZADOS,[gl],1," $  3,178,383.07 "," $  3,178,383.07 ",,,,,,,,,,,,
7-MANTELECTRIC,3,2,,,RUBRO C,"DAÑOS, TRASLADOS Y REMODELACIONES","DAÑOS, TRASLADOS Y REMODELACIONES",[gl],1," $  925,186.24 "," $  925,186.24 ",,,,,,,,,,,,
7-MANTELECTRIC,3,3,,,RUBRO C,REPARACIÓN DE EQUIPOS CONTROLADORES,REPARACIÓN DE EQUIPOS CONTROLADORES,[gl],1," $  172,981.35 "," $  172,981.35 ",,,,,,,,,,,,
7-MANTELECTRIC,3,4,,,RUBRO C,OBRAS VARIAS Y ACTIVIDADES RESTANTES,OBRAS VARIAS Y ACTIVIDADES RESTANTES,[gl],1," $  4,919,056.12 "," $  4,919,056.12 ",,,,,,,,,,,,
8-LESKO,1,1,1,,RUBRO A,MANTENIMIENTO PREVENTIVO Y CORRECTIVO MENSUAL DE INSTALACIONES,Instalación Tipo 1,[un],3480, $  374.75 ," $  1,304,130.00 ",,,,,,,,,,,,
8-LESKO,1,1,2,,RUBRO A,MANTENIMIENTO PREVENTIVO Y CORRECTIVO MENSUAL DE INSTALACIONES,Instalación Tipo 2,[un],7380, $  533.14 ," $  3,934,573.20 ",,,,,,,,,,,,
8-LESKO,1,1,3,,RUBRO A,MANTENIMIENTO PREVENTIVO Y CORRECTIVO MENSUAL DE INSTALACIONES,Instalación Tipo 3,[un],900, $  777.10 ," $  699,390.00 ",,,,,,,,,,,,
8-LESKO,1,1,4,,RUBRO A,MANTENIMIENTO PREVENTIVO Y CORRECTIVO MENSUAL DE INSTALACIONES,Instalación Tipo 4,[un],180, $  897.73 ," $  161,591.40 ",,,,,,,,,,,,
8-LESKO,1,1,5,,RUBRO A,MANTENIMIENTO PREVENTIVO Y CORRECTIVO MENSUAL DE INSTALACIONES,Instalación Cartel Escolar Inteligente,[un],540, $  186.76 ," $  100,850.40 ",,,,,,,,,,,,
8-LESKO,1,2,1,,RUBRO A,MANTENIMIENTO PREVENTIVO Y CORRECTIVO MENSUAL DE EQUIPAMIENTO,Equipo Controlador de Cualquier Tipo,[un],11940, $  354.65 ," $  4,234,521.00 ",,,,,,,,,,,,
8-LESKO,1,2,2,,RUBRO A,MANTENIMIENTO PREVENTIVO Y CORRECTIVO MENSUAL DE EQUIPAMIENTO,Puesto de Medición de Hasta 4 Detectores Vehiculares,[un],1800, $  406.60 ," $  731,880.00 ",,,,,,,,,,,,
8-LESKO,1,2,3,,RUBRO A,MANTENIMIENTO PREVENTIVO Y CORRECTIVO MENSUAL DE EQUIPAMIENTO,Puesto de Medición de mas 4 Detectores Vehiculares,[un],300, $  502.67 ," $  150,801.00 ",,,,,,,,,,,,
8-LESKO,1,2,4,,RUBRO A,MANTENIMIENTO PREVENTIVO Y CORRECTIVO MENSUAL DE EQUIPAMIENTO,Unidad Auxiliar de Provisión de Energía Eléctrica UPS,[un],0, $  625.41 , $  -   ,,,,,,,,,,,,
8-LESKO,1,2,5,,RUBRO A,MANTENIMIENTO PREVENTIVO Y CORRECTIVO MENSUAL DE EQUIPAMIENTO,Cartel Escolar Inteligente,[un],540, $  177.27 ," $  95,725.80 ",,,,,,,,,,,,
8-LESKO,1,2,6,,RUBRO A,MANTENIMIENTO PREVENTIVO Y CORRECTIVO MENSUAL DE EQUIPAMIENTO,Semáforo Peatonal con Cuenta Regresiva,[un],1800, $  139.40 ," $  250,920.00 ",,,,,,,,,,,,
8-LESKO,1,2,7,,RUBRO A,MANTENIMIENTO PREVENTIVO Y CORRECTIVO MENSUAL DE EQUIPAMIENTO,Cartel Mensaje Variable (Incluye Instalación y Equipo),[un],120, $  359.67 ," $  43,160.40 ",,,,,,,,,,,,
8-LESKO,1,2,8,,RUBRO A,MANTENIMIENTO PREVENTIVO Y CORRECTIVO MENSUAL DE EQUIPAMIENTO,Dador de Velocidad (Incluye Instalación y Equipo),[un],240, $  177.29 ," $  42,549.60 ",,,,,,,,,,,,
8-LESKO,1,2,9,,RUBRO A,MANTENIMIENTO PREVENTIVO Y CORRECTIVO MENSUAL DE EQUIPAMIENTO,Equipo Avisador Sonoro Para no Videntes (Incluye Instalación y Equipo),[un],600, $  327.50 ," $  196,500.00 ",,,,,,,,,,,,
8-LESKO,1,2,10,,RUBRO A,MANTENIMIENTO PREVENTIVO Y CORRECTIVO MENSUAL DE EQUIPAMIENTO,Equipo Controlador de Giro Preferencial Para Transporte Público. (Incluye Instalación y Equipo),[un],360, $  321.14 ," $  115,610.40 ",,,,,,,,,,,,
8-LESKO,2,1,1,,RUBRO B,MANTENIMIENTO PREVENTIVO Y CORRECTIVO MENSUAL DE COMANDOS DE ÁREA Y SISTEMAS,Comando de Control de Área C.C.A.I,[un],60," $  27,133.05 "," $  1,627,983.00 ",,,,,,,,,,,,
8-LESKO,2,1,2,,RUBRO B,MANTENIMIENTO PREVENTIVO Y CORRECTIVO MENSUAL DE COMANDOS DE ÁREA Y SISTEMAS,Coordinador de Subárea,[un],0," $  5,277.83 ", $  -   ,,,,,,,,,,,,
8-LESKO,2,1,3,,RUBRO B,MANTENIMIENTO PREVENTIVO Y CORRECTIVO MENSUAL DE COMANDOS DE ÁREA Y SISTEMAS,Comando Centralizado,[un],0," $  9,062.22 ", $  -   ,,,,,,,,,,,,
8-LESKO,2,1,4,,RUBRO B,MANTENIMIENTO PREVENTIVO Y CORRECTIVO MENSUAL DE COMANDOS DE ÁREA Y SISTEMAS,Puestos de Control de Acceso al Área Microcentro,[un],0," $  2,406.22 ", $  -   ,,,,,,,,,,,,
8-LESKO,2,1,5,,RUBRO B,MANTENIMIENTO PREVENTIVO Y CORRECTIVO MENSUAL DE COMANDOS DE ÁREA Y SISTEMAS,Sistema de Control de Acceso al Área Microcentro,[un],0," $  7,916.74 ", $  -   ,,,,,,,,,,,,
8-LESKO,2,1,6,1,RUBRO B,MANTENIMIENTO PREVENTIVO Y CORRECTIVO MENSUAL DE COMANDOS DE ÁREA Y SISTEMAS,Cámaras de supervisión,[un],60, $  830.76 ," $  49,845.60 ",,,,,,,,,,,,
8-LESKO,2,1,6,2,RUBRO B,MANTENIMIENTO PREVENTIVO Y CORRECTIVO MENSUAL DE COMANDOS DE ÁREA Y SISTEMAS,Señales de cámaras externas,[un],0, $  339.68 , $  -   ,,,,,,,,,,,,
8-LESKO,2,1,6,3,RUBRO B,MANTENIMIENTO PREVENTIVO Y CORRECTIVO MENSUAL DE COMANDOS DE ÁREA Y SISTEMAS,Sistema de video-matriz y monitores,[gl],0," $  17,090.10 ", $  -   ,,,,,,,,,,,,
8-LESKO,2,1,6,4,RUBRO B,MANTENIMIENTO PREVENTIVO Y CORRECTIVO MENSUAL DE COMANDOS DE ÁREA Y SISTEMAS,Tramo de 100m de red de comunicaciones de fibra óptica,[un],6000, $  182.07 ," $  1,092,420.00 ",,,,,,,,,,,,
8-LESKO,2,1,6,5,RUBRO B,MANTENIMIENTO PREVENTIVO Y CORRECTIVO MENSUAL DE COMANDOS DE ÁREA Y SISTEMAS,Sistema de digitalización de imágenes,[gl],0," $  15,486.09 ", $  -   ,,,,,,,,,,,,
8-LESKO,2,1,7,,RUBRO B,MANTENIMIENTO PREVENTIVO Y CORRECTIVO MENSUAL DE COMANDOS DE ÁREA Y SISTEMAS,Mantenimiento del Edificio de Comando,[m2],3600, $  134.04 ," $  482,544.00 ",,,,,,,,,,,,
8-LESKO,2,1,8,,RUBRO B,MANTENIMIENTO PREVENTIVO Y CORRECTIVO MENSUAL DE COMANDOS DE ÁREA Y SISTEMAS,Mantenimiento del Edificio de Comando Centralizado,[m2],0, $  134.04 , $  -   ,,,,,,,,,,,,
8-LESKO,2,1,9,,RUBRO B,MANTENIMIENTO PREVENTIVO Y CORRECTIVO MENSUAL DE COMANDOS DE ÁREA Y SISTEMAS,Mantenimiento y Operación de Sistema de Retroproyección,[un],0," $  16,699.43 ", $  -   ,,,,,,,,,,,,
8-LESKO,2,2,,,RUBRO B,MODERNIZACIÓN DE LOS SISTEMAS DE TRÁNSITO,MODERNIZACIÓN DE LOS SISTEMAS DE TRÁNSITO,[gl],1," $  4,037,685.25 "," $  4,037,685.25 ",,,,,,,,,,,,
8-LESKO,2,3,,,RUBRO B,IMPLANTACIÓN DE NUEVO SISTEMA DE TRÁNSITO,IMPLANTACIÓN DE NUEVO SISTEMA DE TRÁNSITO,[gl],1," $  14,227,275.91 "," $  14,227,275.91 ",,,,,,,,,,,,
8-LESKO,3,1,,,RUBRO C,CONSTRUCCIÓN DE NUEVOS CRUCES SEMAFORIZADOS,CONSTRUCCIÓN DE NUEVOS CRUCES SEMAFORIZADOS,[gl],1," $  3,652,529.24 "," $  3,652,529.24 ",,,,,,,,,,,,
8-LESKO,3,2,,,RUBRO C,"DAÑOS, TRASLADOS Y REMODELACIONES","DAÑOS, TRASLADOS Y REMODELACIONES",[gl],1," $  869,699.10 "," $  869,699.10 ",,,,,,,,,,,,
8-LESKO,3,3,,,RUBRO C,REPARACIÓN DE EQUIPOS CONTROLADORES,REPARACIÓN DE EQUIPOS CONTROLADORES,[gl],1," $  187,697.89 "," $  187,697.89 ",,,,,,,,,,,,
8-LESKO,3,4,,,RUBRO C,OBRAS VARIAS Y ACTIVIDADES RESTANTES,OBRAS VARIAS Y ACTIVIDADES RESTANTES,[gl],1," $  5,854,622.50 "," $  5,854,622.50 ",,,,,,,,,,,,
9-SUTEC,1,1,1,,RUBRO A,MANTENIMIENTO PREVENTIVO Y CORRECTIVO MENSUAL DE INSTALACIONES,Instalación Tipo 1,[un],2940, $  365.69 ," $  1,075,128.60 ",,,,,,,,,,,,
9-SUTEC,1,1,2,,RUBRO A,MANTENIMIENTO PREVENTIVO Y CORRECTIVO MENSUAL DE INSTALACIONES,Instalación Tipo 2,[un],7560, $  520.25 ," $  3,933,090.00 ",,,,,,,,,,,,
9-SUTEC,1,1,3,,RUBRO A,MANTENIMIENTO PREVENTIVO Y CORRECTIVO MENSUAL DE INSTALACIONES,Instalación Tipo 3,[un],2160, $  758.30 ," $  1,637,928.00 ",,,,,,,,,,,,
9-SUTEC,1,1,4,,RUBRO A,MANTENIMIENTO PREVENTIVO Y CORRECTIVO MENSUAL DE INSTALACIONES,Instalación Tipo 4,[un],60, $  876.03 ," $  52,561.80 ",,,,,,,,,,,,
9-SUTEC,1,1,5,,RUBRO A,MANTENIMIENTO PREVENTIVO Y CORRECTIVO MENSUAL DE INSTALACIONES,Instalación Cartel Escolar Inteligente,[un],300, $  182.24 ," $  54,672.00 ",,,,,,,,,,,,
9-SUTEC,1,2,1,,RUBRO A,MANTENIMIENTO PREVENTIVO Y CORRECTIVO MENSUAL DE EQUIPAMIENTO,Equipo Controlador de Cualquier Tipo,[un],12120, $  346.07 ," $  4,194,368.40 ",,,,,,,,,,,,
9-SUTEC,1,2,2,,RUBRO A,MANTENIMIENTO PREVENTIVO Y CORRECTIVO MENSUAL DE EQUIPAMIENTO,Puesto de Medición de Hasta 4 Detectores Vehiculares,[un],60, $  396.76 ," $  23,805.60 ",,,,,,,,,,,,
9-SUTEC,1,2,3,,RUBRO A,MANTENIMIENTO PREVENTIVO Y CORRECTIVO MENSUAL DE EQUIPAMIENTO,Puesto de Medición de mas 4 Detectores Vehiculares,[un],0, $  490.51 , $  -   ,,,,,,,,,,,,
9-SUTEC,1,2,4,,RUBRO A,MANTENIMIENTO PREVENTIVO Y CORRECTIVO MENSUAL DE EQUIPAMIENTO,Unidad Auxiliar de Provisión de Energía Eléctrica UPS,[un],0, $  610.28 , $  -   ,,,,,,,,,,,,
9-SUTEC,1,2,5,,RUBRO A,MANTENIMIENTO PREVENTIVO Y CORRECTIVO MENSUAL DE EQUIPAMIENTO,Cartel Escolar Inteligente,[un],300, $  172.98 ," $  51,894.00 ",,,,,,,,,,,,
9-SUTEC,1,2,6,,RUBRO A,MANTENIMIENTO PREVENTIVO Y CORRECTIVO MENSUAL DE EQUIPAMIENTO,Semáforo Peatonal con Cuenta Regresiva,[un],0, $  136.04 , $  -   ,,,,,,,,,,,,
9-SUTEC,1,2,7,,RUBRO A,MANTENIMIENTO PREVENTIVO Y CORRECTIVO MENSUAL DE EQUIPAMIENTO,Cartel Mensaje Variable (Incluye Instalación y Equipo),[un],0, $  350.98 , $  -   ,,,,,,,,,,,,
9-SUTEC,1,2,8,,RUBRO A,MANTENIMIENTO PREVENTIVO Y CORRECTIVO MENSUAL DE EQUIPAMIENTO,Dador de Velocidad (Incluye Instalación y Equipo),[un],0, $  172.98 , $  -   ,,,,,,,,,,,,
9-SUTEC,1,2,9,,RUBRO A,MANTENIMIENTO PREVENTIVO Y CORRECTIVO MENSUAL DE EQUIPAMIENTO,Equipo Avisador Sonoro Para no Videntes (Incluye Instalación y Equipo),[un],0, $  319.59 , $  -   ,,,,,,,,,,,,
9-SUTEC,1,2,10,,RUBRO A,MANTENIMIENTO PREVENTIVO Y CORRECTIVO MENSUAL DE EQUIPAMIENTO,Equipo Controlador de Giro Preferencial Para Transporte Público. (Incluye Instalación y Equipo),[un],0, $  313.37 , $  -   ,,,,,,,,,,,,
9-SUTEC,2,1,1,,RUBRO B,MANTENIMIENTO PREVENTIVO Y CORRECTIVO MENSUAL DE COMANDOS DE ÁREA Y SISTEMAS,Comando de Control de Área C.C.A.I,[un],48," $  26,476.98 "," $  1,270,895.04 ",,,,,,,,,,,,
9-SUTEC,2,1,2,,RUBRO B,MANTENIMIENTO PREVENTIVO Y CORRECTIVO MENSUAL DE COMANDOS DE ÁREA Y SISTEMAS,Coordinador de Subárea,[un],0," $  5,150.22 ", $  -   ,,,,,,,,,,,,
9-SUTEC,2,1,3,,RUBRO B,MANTENIMIENTO PREVENTIVO Y CORRECTIVO MENSUAL DE COMANDOS DE ÁREA Y SISTEMAS,Comando Centralizado,[un],0," $  8,843.10 ", $  -   ,,,,,,,,,,,,
9-SUTEC,2,1,4,,RUBRO B,MANTENIMIENTO PREVENTIVO Y CORRECTIVO MENSUAL DE COMANDOS DE ÁREA Y SISTEMAS,Puestos de Control de Acceso al Área Microcentro,[un],0," $  2,347.85 ", $  -   ,,,,,,,,,,,,
9-SUTEC,2,1,5,,RUBRO B,MANTENIMIENTO PREVENTIVO Y CORRECTIVO MENSUAL DE COMANDOS DE ÁREA Y SISTEMAS,Sistema de Control de Acceso al Área Microcentro,[un],0," $  7,725.31 ", $  -   ,,,,,,,,,,,,
9-SUTEC,2,1,6,1,RUBRO B,MANTENIMIENTO PREVENTIVO Y CORRECTIVO MENSUAL DE COMANDOS DE ÁREA Y SISTEMAS,Cámaras de supervisión,[un],96, $  810.63 ," $  77,820.48 ",,,,,,,,,,,,
9-SUTEC,2,1,6,2,RUBRO B,MANTENIMIENTO PREVENTIVO Y CORRECTIVO MENSUAL DE COMANDOS DE ÁREA Y SISTEMAS,Señales de cámaras externas,[un],0, $  331.47 , $  -   ,,,,,,,,,,,,
9-SUTEC,2,1,6,3,RUBRO B,MANTENIMIENTO PREVENTIVO Y CORRECTIVO MENSUAL DE COMANDOS DE ÁREA Y SISTEMAS,Sistema de video-matriz y monitores,[gl],0," $  16,676.86 ", $  -   ,,,,,,,,,,,,
9-SUTEC,2,1,6,4,RUBRO B,MANTENIMIENTO PREVENTIVO Y CORRECTIVO MENSUAL DE COMANDOS DE ÁREA Y SISTEMAS,Tramo de 100m de red de comunicaciones de fibra óptica,[un],4800, $  177.67 ," $  852,816.00 ",,,,,,,,,,,,
9-SUTEC,2,1,6,5,RUBRO B,MANTENIMIENTO PREVENTIVO Y CORRECTIVO MENSUAL DE COMANDOS DE ÁREA Y SISTEMAS,Sistema de digitalización de imágenes,[gl],0," $  15,111.64 ", $  -   ,,,,,,,,,,,,
9-SUTEC,2,1,7,,RUBRO B,MANTENIMIENTO PREVENTIVO Y CORRECTIVO MENSUAL DE COMANDOS DE ÁREA Y SISTEMAS,Mantenimiento del Edificio de Comando,[m2],0, $  130.80 , $  -   ,,,,,,,,,,,,
9-SUTEC,2,1,8,,RUBRO B,MANTENIMIENTO PREVENTIVO Y CORRECTIVO MENSUAL DE COMANDOS DE ÁREA Y SISTEMAS,Mantenimiento del Edificio de Comando Centralizado,[m2],0, $  130.80 , $  -   ,,,,,,,,,,,,
9-SUTEC,2,1,9,,RUBRO B,MANTENIMIENTO PREVENTIVO Y CORRECTIVO MENSUAL DE COMANDOS DE ÁREA Y SISTEMAS,Mantenimiento y Operación de Sistema de Retroproyección,[un],0," $  16,295.64 ", $  -   ,,,,,,,,,,,,
9-SUTEC,2,2,,,RUBRO B,MODERNIZACIÓN DE LOS SISTEMAS DE TRÁNSITO,MODERNIZACIÓN DE LOS SISTEMAS DE TRÁNSITO,[gl],1," $  3,180,290.12 "," $  3,180,290.12 ",,,,,,,,,,,,
9-SUTEC,2,3,,,RUBRO B,IMPLANTACIÓN DE NUEVO SISTEMA DE TRÁNSITO,IMPLANTACIÓN DE NUEVO SISTEMA DE TRÁNSITO,[gl],1," $  12,459,000.74 "," $  12,459,000.74 ",,,,,,,,,,,,
9-SUTEC,3,1,,,RUBRO C,CONSTRUCCIÓN DE NUEVOS CRUCES SEMAFORIZADOS,CONSTRUCCIÓN DE NUEVOS CRUCES SEMAFORIZADOS,[gl],1," $  2,573,772.97 "," $  2,573,772.97 ",,,,,,,,,,,,
9-SUTEC,3,2,,,RUBRO C,"DAÑOS, TRASLADOS Y REMODELACIONES","DAÑOS, TRASLADOS Y REMODELACIONES",[gl],1," $  848,667.90 "," $  848,667.90 ",,,,,,,,,,,,
9-SUTEC,3,3,,,RUBRO C,REPARACIÓN DE EQUIPOS CONTROLADORES,REPARACIÓN DE EQUIPOS CONTROLADORES,[gl],1," $  183,159.90 "," $  183,159.90 ",,,,,,,,,,,,
9-SUTEC,3,4,,,RUBRO C,OBRAS VARIAS Y ACTIVIDADES RESTANTES,OBRAS VARIAS Y ACTIVIDADES RESTANTES,[gl],1," $  5,474,443.66 "," $  5,474,443.66 ",,,,,,,,,,,,
5A-AUTOTROL,1,1,1,,RUBRO A,MANTENIMIENTO PREVENTIVO Y CORRECTIVO MENSUAL DE INSTALACIONES,Instalación Tipo 1,[un],2329.01, $  335.16 ," $  780,591.49 ",,,,,,,,,,,,
5A-AUTOTROL,1,1,2,,RUBRO A,MANTENIMIENTO PREVENTIVO Y CORRECTIVO MENSUAL DE INSTALACIONES,Instalación Tipo 2,[un],4518.03, $  476.82 ," $  2,154,285.98 ",,,,,,,,,,,,
5A-AUTOTROL,1,1,3,,RUBRO A,MANTENIMIENTO PREVENTIVO Y CORRECTIVO MENSUAL DE INSTALACIONES,Instalación Tipo 3,[un],967.24, $  695.00 ," $  672,231.62 ",,,,,,,,,,,,
5A-AUTOTROL,1,1,4,,RUBRO A,MANTENIMIENTO PREVENTIVO Y CORRECTIVO MENSUAL DE INSTALACIONES,Instalación Tipo 4,[un],76.36, $  802.90 ," $  61,310.27 ",,,,,,,,,,,,
5A-AUTOTROL,1,1,5,,RUBRO A,MANTENIMIENTO PREVENTIVO Y CORRECTIVO MENSUAL DE INSTALACIONES,Instalación Cartel Escolar Inteligente,[un],369.08, $  167.03 ," $  61,647.15 ",,,,,,,,,,,,
5A-AUTOTROL,1,2,1,,RUBRO A,MANTENIMIENTO PREVENTIVO Y CORRECTIVO MENSUAL DE EQUIPAMIENTO,Equipo Controlador de Cualquier Tipo,[un],7036.90, $  317.18 ," $  2,231,965.22 ",,,,,,,,,,,,
5A-AUTOTROL,1,2,2,,RUBRO A,MANTENIMIENTO PREVENTIVO Y CORRECTIVO MENSUAL DE EQUIPAMIENTO,Puesto de Medición de Hasta 4 Detectores Vehiculares,[un],357.03, $  363.64 ," $  129,829.61 ",,,,,,,,,,,,
5A-AUTOTROL,1,2,3,,RUBRO A,MANTENIMIENTO PREVENTIVO Y CORRECTIVO MENSUAL DE EQUIPAMIENTO,Puesto de Medición de mas 4 Detectores Vehiculares,[un],23.03, $  449.57 ," $  10,355.42 ",,,,,,,,,,,,
5A-AUTOTROL,1,2,4,,RUBRO A,MANTENIMIENTO PREVENTIVO Y CORRECTIVO MENSUAL DE EQUIPAMIENTO,Unidad Auxiliar de Provisión de Energía Eléctrica UPS,[un],0.00, $  559.34 , $  -   ,,,,,,,,,,,,
5A-AUTOTROL,1,2,5,,RUBRO A,MANTENIMIENTO PREVENTIVO Y CORRECTIVO MENSUAL DE EQUIPAMIENTO,Cartel Escolar Inteligente,[un],333.99, $  158.54 ," $  52,951.38 ",,,,,,,,,,,,
5A-AUTOTROL,1,2,6,,RUBRO A,MANTENIMIENTO PREVENTIVO Y CORRECTIVO MENSUAL DE EQUIPAMIENTO,Semáforo Peatonal con Cuenta Regresiva,[un],0.00, $  124.68 , $  -   ,,,,,,,,,,,,
5A-AUTOTROL,1,2,7,,RUBRO A,MANTENIMIENTO PREVENTIVO Y CORRECTIVO MENSUAL DE EQUIPAMIENTO,Cartel Mensaje Variable (Incluye Instalación y Equipo),[un],0.00, $  321.68 , $  -   ,,,,,,,,,,,,
5A-AUTOTROL,1,2,8,,RUBRO A,MANTENIMIENTO PREVENTIVO Y CORRECTIVO MENSUAL DE EQUIPAMIENTO,Dador de Velocidad (Incluye Instalación y Equipo),[un],138.20, $  158.54 ," $  21,910.92 ",,,,,,,,,,,,
5A-AUTOTROL,1,2,9,,RUBRO A,MANTENIMIENTO PREVENTIVO Y CORRECTIVO MENSUAL DE EQUIPAMIENTO,Equipo Avisador Sonoro Para no Videntes (Incluye Instalación y Equipo),[un],69.10, $  292.91 ," $  20,240.72 ",,,,,,,,,,,,
5A-AUTOTROL,1,2,10,,RUBRO A,MANTENIMIENTO PREVENTIVO Y CORRECTIVO MENSUAL DE EQUIPAMIENTO,Equipo Controlador de Giro Preferencial Para Transporte Público. (Incluye Instalación y Equipo),[un],23.03, $  287.21 ," $  6,615.61 ",,,,,,,,,,,,
5A-AUTOTROL,2,1,1,,RUBRO B,MANTENIMIENTO PREVENTIVO Y CORRECTIVO MENSUAL DE COMANDOS DE ÁREA Y SISTEMAS,Comando de Control de Área C.C.A.I,[un],11.52," $  24,266.71 "," $  279,480.38 ",,,,,,,,,,,,
5A-AUTOTROL,2,1,2,,RUBRO B,MANTENIMIENTO PREVENTIVO Y CORRECTIVO MENSUAL DE COMANDOS DE ÁREA Y SISTEMAS,Coordinador de Subárea,[un],138.20," $  4,720.30 "," $  652,365.92 ",,,,,,,,,,,,
5A-AUTOTROL,2,1,3,,RUBRO B,MANTENIMIENTO PREVENTIVO Y CORRECTIVO MENSUAL DE COMANDOS DE ÁREA Y SISTEMAS,Comando Centralizado,[un],11.52," $  8,104.89 "," $  93,344.24 ",,,,,,,,,,,,
5A-AUTOTROL,2,1,4,,RUBRO B,MANTENIMIENTO PREVENTIVO Y CORRECTIVO MENSUAL DE COMANDOS DE ÁREA Y SISTEMAS,Puestos de Control de Acceso al Área Microcentro,[un],46.07," $  2,151.85 "," $  99,131.67 ",,,,,,,,,,,,
5A-AUTOTROL,2,1,5,,RUBRO B,MANTENIMIENTO PREVENTIVO Y CORRECTIVO MENSUAL DE COMANDOS DE ÁREA Y SISTEMAS,Sistema de Control de Acceso al Área Microcentro,[un],11.52," $  7,080.41 "," $  81,545.28 ",,,,,,,,,,,,
5A-AUTOTROL,2,1,6,1,RUBRO B,MANTENIMIENTO PREVENTIVO Y CORRECTIVO MENSUAL DE COMANDOS DE ÁREA Y SISTEMAS,Cámaras de supervisión,[un],46.07, $  742.96 ," $  34,226.76 ",,,,,,,,,,,,
5A-AUTOTROL,2,1,6,2,RUBRO B,MANTENIMIENTO PREVENTIVO Y CORRECTIVO MENSUAL DE COMANDOS DE ÁREA Y SISTEMAS,Señales de cámaras externas,[un],0.00, $  303.80 , $  -   ,,,,,,,,,,,,
5A-AUTOTROL,2,1,6,3,RUBRO B,MANTENIMIENTO PREVENTIVO Y CORRECTIVO MENSUAL DE COMANDOS DE ÁREA Y SISTEMAS,Sistema de video-matriz y monitores,[gl],11.52," $  15,284.70 "," $  176,034.32 ",,,,,,,,,,,,
5A-AUTOTROL,2,1,6,4,RUBRO B,MANTENIMIENTO PREVENTIVO Y CORRECTIVO MENSUAL DE COMANDOS DE ÁREA Y SISTEMAS,Tramo de 100m de red de comunicaciones de fibra óptica,[un],0.00, $  162.84 , $  -   ,,,,,,,,,,,,
5A-AUTOTROL,2,1,6,5,RUBRO B,MANTENIMIENTO PREVENTIVO Y CORRECTIVO MENSUAL DE COMANDOS DE ÁREA Y SISTEMAS,Sistema de digitalización de imágenes,[gl],11.52," $  13,850.14 "," $  159,512.45 ",,,,,,,,,,,,
5A-AUTOTROL,2,1,7,,RUBRO B,MANTENIMIENTO PREVENTIVO Y CORRECTIVO MENSUAL DE COMANDOS DE ÁREA Y SISTEMAS,Mantenimiento del Edificio de Comando,[m2],1174.74, $  119.88 ," $  140,827.45 ",,,,,,,,,,,,
5A-AUTOTROL,2,1,8,,RUBRO B,MANTENIMIENTO PREVENTIVO Y CORRECTIVO MENSUAL DE COMANDOS DE ÁREA Y SISTEMAS,Mantenimiento del Edificio de Comando Centralizado,[m2],0.00, $  119.88 , $  -   ,,,,,,,,,,,,
5A-AUTOTROL,2,1,9,,RUBRO B,MANTENIMIENTO PREVENTIVO Y CORRECTIVO MENSUAL DE COMANDOS DE ÁREA Y SISTEMAS,Mantenimiento y Operación de Sistema de Retroproyección,[un],11.52," $  14,935.30 "," $  172,010.27 ",,,,,,,,,,,,
5A-AUTOTROL,2,2,,,RUBRO B,MODERNIZACIÓN DE LOS SISTEMAS DE TRÁNSITO,MODERNIZACIÓN DE LOS SISTEMAS DE TRÁNSITO,[gl],0.19," $  4,527,037.60 "," $  868,966.97 ",,,,,,,,,,,,
5A-AUTOTROL,2,3,,,RUBRO B,IMPLANTACIÓN DE NUEVO SISTEMA DE TRÁNSITO,IMPLANTACIÓN DE NUEVO SISTEMA DE TRÁNSITO,[gl],0.19," $  13,495,322.57 "," $  2,590,433.43 ",,,,,,,,,,,,
5A-AUTOTROL,3,1,,,RUBRO C,CONSTRUCCIÓN DE NUEVOS CRUCES SEMAFORIZADOS,CONSTRUCCIÓN DE NUEVOS CRUCES SEMAFORIZADOS,[gl],0.19," $  3,266,757.22 "," $  627,055.57 ",,,,,,,,,,,,
5A-AUTOTROL,3,2,,,RUBRO C,"DAÑOS, TRASLADOS Y REMODELACIONES","DAÑOS, TRASLADOS Y REMODELACIONES",[gl],0.19," $  1,858,594.90 "," $  356,758.15 ",,,,,,,,,,,,
5A-AUTOTROL,3,3,,,RUBRO C,REPARACIÓN DE EQUIPOS CONTROLADORES,REPARACIÓN DE EQUIPOS CONTROLADORES,[gl],0.19," $  293,435.63 "," $  56,325.11 ",,,,,,,,,,,,
5A-AUTOTROL,3,4,,,RUBRO C,OBRAS VARIAS Y ACTIVIDADES RESTANTES,OBRAS VARIAS Y ACTIVIDADES RESTANTES,[gl],0.21," $  5,543,414.36 "," $  1,175,835.67 ",,,,,,,,,,,,
5B-AUTOTROL,1,1,1,,RUBRO A,MANTENIMIENTO PREVENTIVO Y CORRECTIVO MENSUAL DE INSTALACIONES,Instalación Tipo 1,[un],8650.99, $  335.16 ," $  2,899,465.31 ",,,,,,,,,,,,
5B-AUTOTROL,1,1,2,,RUBRO A,MANTENIMIENTO PREVENTIVO Y CORRECTIVO MENSUAL DE INSTALACIONES,Instalación Tipo 2,[un],16781.97, $  476.82 ," $  8,001,980.02 ",,,,,,,,,,,,
5B-AUTOTROL,1,1,3,,RUBRO A,MANTENIMIENTO PREVENTIVO Y CORRECTIVO MENSUAL DE INSTALACIONES,Instalación Tipo 3,[un],3592.76, $  695.00 ," $  2,496,968.38 ",,,,,,,,,,,,
5B-AUTOTROL,1,1,4,,RUBRO A,MANTENIMIENTO PREVENTIVO Y CORRECTIVO MENSUAL DE INSTALACIONES,Instalación Tipo 4,[un],283.64, $  802.90 ," $  227,733.73 ",,,,,,,,,,,,
5B-AUTOTROL,1,1,5,,RUBRO A,MANTENIMIENTO PREVENTIVO Y CORRECTIVO MENSUAL DE INSTALACIONES,Instalación Cartel Escolar Inteligente,[un],1370.92, $  167.03 ," $  228,985.05 ",,,,,,,,,,,,
5B-AUTOTROL,1,2,1,,RUBRO A,MANTENIMIENTO PREVENTIVO Y CORRECTIVO MENSUAL DE EQUIPAMIENTO,Equipo Controlador de Cualquier Tipo,[un],29623.10, $  317.18 ," $  9,395,853.58 ",,,,,,,,,,,,
5B-AUTOTROL,1,2,2,,RUBRO A,MANTENIMIENTO PREVENTIVO Y CORRECTIVO MENSUAL DE EQUIPAMIENTO,Puesto de Medición de Hasta 4 Detectores Vehiculares,[un],1502.97, $  363.64 ," $  546,540.79 ",,,,,,,,,,,,
5B-AUTOTROL,1,2,3,,RUBRO A,MANTENIMIENTO PREVENTIVO Y CORRECTIVO MENSUAL DE EQUIPAMIENTO,Puesto de Medición de mas 4 Detectores Vehiculares,[un],96.97, $  449.57 ," $  43,592.98 ",,,,,,,,,,,,
5B-AUTOTROL,1,2,4,,RUBRO A,MANTENIMIENTO PREVENTIVO Y CORRECTIVO MENSUAL DE EQUIPAMIENTO,Unidad Auxiliar de Provisión de Energía Eléctrica UPS,[un],0.00, $  559.34 , $  -   ,,,,,,,,,,,,
5B-AUTOTROL,1,2,5,,RUBRO A,MANTENIMIENTO PREVENTIVO Y CORRECTIVO MENSUAL DE EQUIPAMIENTO,Cartel Escolar Inteligente,[un],1406.01, $  158.54 ," $  222,908.22 ",,,,,,,,,,,,
5B-AUTOTROL,1,2,6,,RUBRO A,MANTENIMIENTO PREVENTIVO Y CORRECTIVO MENSUAL DE EQUIPAMIENTO,Semáforo Peatonal con Cuenta Regresiva,[un],0.00, $  124.68 , $  -   ,,,,,,,,,,,,
5B-AUTOTROL,1,2,7,,RUBRO A,MANTENIMIENTO PREVENTIVO Y CORRECTIVO MENSUAL DE EQUIPAMIENTO,Cartel Mensaje Variable (Incluye Instalación y Equipo),[un],0.00, $  321.68 , $  -   ,,,,,,,,,,,,
5B-AUTOTROL,1,2,8,,RUBRO A,MANTENIMIENTO PREVENTIVO Y CORRECTIVO MENSUAL DE EQUIPAMIENTO,Dador de Velocidad (Incluye Instalación y Equipo),[un],581.80, $  158.54 ," $  92,237.88 ",,,,,,,,,,,,
5B-AUTOTROL,1,2,9,,RUBRO A,MANTENIMIENTO PREVENTIVO Y CORRECTIVO MENSUAL DE EQUIPAMIENTO,Equipo Avisador Sonoro Para no Videntes (Incluye Instalación y Equipo),[un],290.90, $  292.91 ," $  85,206.88 ",,,,,,,,,,,,
5B-AUTOTROL,1,2,10,,RUBRO A,MANTENIMIENTO PREVENTIVO Y CORRECTIVO MENSUAL DE EQUIPAMIENTO,Equipo Controlador de Giro Preferencial Para Transporte Público. (Incluye Instalación y Equipo),[un],96.97, $  287.21 ," $  27,849.59 ",,,,,,,,,,,,
5B-AUTOTROL,2,1,1,,RUBRO B,MANTENIMIENTO PREVENTIVO Y CORRECTIVO MENSUAL DE COMANDOS DE ÁREA Y SISTEMAS,Comando de Control de Área C.C.A.I,[un],48.48," $  24,266.71 "," $  1,176,522.22 ",,,,,,,,,,,,
5B-AUTOTROL,2,1,2,,RUBRO B,MANTENIMIENTO PREVENTIVO Y CORRECTIVO MENSUAL DE COMANDOS DE ÁREA Y SISTEMAS,Coordinador de Subárea,[un],581.80," $  4,720.30 "," $  2,746,250.08 ",,,,,,,,,,,,
5B-AUTOTROL,2,1,3,,RUBRO B,MANTENIMIENTO PREVENTIVO Y CORRECTIVO MENSUAL DE COMANDOS DE ÁREA Y SISTEMAS,Comando Centralizado,[un],48.48," $  8,104.89 "," $  392,949.16 ",,,,,,,,,,,,
5B-AUTOTROL,2,1,4,,RUBRO B,MANTENIMIENTO PREVENTIVO Y CORRECTIVO MENSUAL DE COMANDOS DE ÁREA Y SISTEMAS,Puestos de Control de Acceso al Área Microcentro,[un],193.93," $  2,151.85 "," $  417,312.33 ",,,,,,,,,,,,
5B-AUTOTROL,2,1,5,,RUBRO B,MANTENIMIENTO PREVENTIVO Y CORRECTIVO MENSUAL DE COMANDOS DE ÁREA Y SISTEMAS,Sistema de Control de Acceso al Área Microcentro,[un],48.48," $  7,080.41 "," $  343,279.32 ",,,,,,,,,,,,
5B-AUTOTROL,2,1,6,1,RUBRO B,MANTENIMIENTO PREVENTIVO Y CORRECTIVO MENSUAL DE COMANDOS DE ÁREA Y SISTEMAS,Cámaras de supervisión,[un],193.93, $  742.96 ," $  144,083.64 ",,,,,,,,,,,,
5B-AUTOTROL,2,1,6,2,RUBRO B,MANTENIMIENTO PREVENTIVO Y CORRECTIVO MENSUAL DE COMANDOS DE ÁREA Y SISTEMAS,Señales de cámaras externas,[un],0.00, $  303.80 , $  -   ,,,,,,,,,,,,
5B-AUTOTROL,2,1,6,3,RUBRO B,MANTENIMIENTO PREVENTIVO Y CORRECTIVO MENSUAL DE COMANDOS DE ÁREA Y SISTEMAS,Sistema de video-matriz y monitores,[gl],48.48," $  15,284.70 "," $  741,047.68 ",,,,,,,,,,,,
5B-AUTOTROL,2,1,6,4,RUBRO B,MANTENIMIENTO PREVENTIVO Y CORRECTIVO MENSUAL DE COMANDOS DE ÁREA Y SISTEMAS,Tramo de 100m de red de comunicaciones de fibra óptica,[un],0.00, $  162.84 , $  -   ,,,,,,,,,,,,
5B-AUTOTROL,2,1,6,5,RUBRO B,MANTENIMIENTO PREVENTIVO Y CORRECTIVO MENSUAL DE COMANDOS DE ÁREA Y SISTEMAS,Sistema de digitalización de imágenes,[gl],48.48," $  13,850.14 "," $  671,495.95 ",,,,,,,,,,,,
5B-AUTOTROL,2,1,7,,RUBRO B,MANTENIMIENTO PREVENTIVO Y CORRECTIVO MENSUAL DE COMANDOS DE ÁREA Y SISTEMAS,Mantenimiento del Edificio de Comando,[m2],4945.26, $  119.88 ," $  592,838.15 ",,,,,,,,,,,,
5B-AUTOTROL,2,1,8,,RUBRO B,MANTENIMIENTO PREVENTIVO Y CORRECTIVO MENSUAL DE COMANDOS DE ÁREA Y SISTEMAS,Mantenimiento del Edificio de Comando Centralizado,[m2],0.00, $  119.88 , $  -   ,,,,,,,,,,,,
5B-AUTOTROL,2,1,9,,RUBRO B,MANTENIMIENTO PREVENTIVO Y CORRECTIVO MENSUAL DE COMANDOS DE ÁREA Y SISTEMAS,Mantenimiento y Operación de Sistema de Retroproyección,[un],48.48," $  14,935.30 "," $  724,107.73 ",,,,,,,,,,,,
5B-AUTOTROL,2,2,,,RUBRO B,MODERNIZACIÓN DE LOS SISTEMAS DE TRÁNSITO,MODERNIZACIÓN DE LOS SISTEMAS DE TRÁNSITO,[gl],0.81," $  4,527,037.60 "," $  3,658,070.63 ",,,,,,,,,,,,
5B-AUTOTROL,2,3,,,RUBRO B,IMPLANTACIÓN DE NUEVO SISTEMA DE TRÁNSITO,IMPLANTACIÓN DE NUEVO SISTEMA DE TRÁNSITO,[gl],0.81," $  13,495,322.57 "," $  10,904,889.14 ",,,,,,,,,,,,
5B-AUTOTROL,3,1,,,RUBRO C,CONSTRUCCIÓN DE NUEVOS CRUCES SEMAFORIZADOS,CONSTRUCCIÓN DE NUEVOS CRUCES SEMAFORIZADOS,[gl],0.81," $  3,266,757.22 "," $  2,639,701.65 ",,,,,,,,,,,,
5B-AUTOTROL,3,2,,,RUBRO C,"DAÑOS, TRASLADOS Y REMODELACIONES","DAÑOS, TRASLADOS Y REMODELACIONES",[gl],0.81," $  1,858,594.90 "," $  1,501,836.75 ",,,,,,,,,,,,
5B-AUTOTROL,3,3,,,RUBRO C,REPARACIÓN DE EQUIPOS CONTROLADORES,REPARACIÓN DE EQUIPOS CONTROLADORES,[gl],0.81," $  293,435.63 "," $  237,110.52 ",,,,,,,,,,,,
5B-AUTOTROL,3,4,,,RUBRO C,OBRAS VARIAS Y ACTIVIDADES RESTANTES,OBRAS VARIAS Y ACTIVIDADES RESTANTES,[gl],0.79," $  5,543,414.36 "," $  4,367,578.69 ",,,,,,,,,,,,